PREFIX,VARIETY,NUMVAR,AVARIETY,STDVARIETY,BAY,CART,CAN,STALK NUM,Cut,Pollen
HOCP,2004-847,2004847,HOCP04-847,HoCP04-0847,1,A,1,6,,
HOCP,2004-847,2004847,HOCP04-847,HoCP04-0847,1,A,1,6,,
HOCP,2004-847,2004847,HOCP04-847,HoCP04-0847,1,A,1,6,,
HOCP,2004-847,2004847,HOCP04-847,HoCP04-0847,1,A,1,6,,
HOCP,2004-847,2004847,HOCP04-847,HoCP04-0847,1,A,1,6,,
HOCP,2004-847,2004847,HOCP04-847,HoCP04-0847,1,A,1,6,,
L,2023-153,2023153,L23-153,L23-0153,1,A,2,3,,
L,2023-153,2023153,L23-153,L23-0153,1,A,2,3,,
L,2023-153,2023153,L23-153,L23-0153,1,A,2,3,,
L,2006-001,2006001,L06-001,L06-0001,1,A,3,4,,
L,2006-001,2006001,L06-001,L06-0001,1,A,3,4,,
L,2006-001,2006001,L06-001,L06-0001,1,A,3,4,,
L,2006-001,2006001,L06-001,L06-0001,1,A,3,4,,
HO,2011-532,2011532,HO11-532,Ho11-0532,1,A,4,5,,
HO,2011-532,2011532,HO11-532,Ho11-0532,1,A,4,5,,
HO,2011-532,2011532,HO11-532,Ho11-0532,1,A,4,5,,
HO,2011-532,2011532,HO11-532,Ho11-0532,1,A,4,5,,
HO,2011-532,2011532,HO11-532,Ho11-0532,1,A,4,5,,
L,2012-202,2012202,L12-202,L12-0202,1,A,5,5,,
L,2012-202,2012202,L12-202,L12-0202,1,A,5,5,,
L,2012-202,2012202,L12-202,L12-0202,1,A,5,5,,
L,2012-202,2012202,L12-202,L12-0202,1,A,5,5,,
L,2012-202,2012202,L12-202,L12-0202,1,A,5,5,,
HOCP,1992-624,1992624,HOCP92-624,HoCP92-0624,1,A,6,4,,
HOCP,1992-624,1992624,HOCP92-624,HoCP92-0624,1,A,6,4,,
HOCP,1992-624,1992624,HOCP92-624,HoCP92-0624,1,A,6,4,,
HOCP,1992-624,1992624,HOCP92-624,HoCP92-0624,1,A,6,4,,
HOCP,2017-701,2017701,HOCP17-701,HoCP17-0701,1,A,7,4,,
HOCP,2017-701,2017701,HOCP17-701,HoCP17-0701,1,A,7,4,,
HOCP,2017-701,2017701,HOCP17-701,HoCP17-0701,1,A,7,4,,
HOCP,2017-701,2017701,HOCP17-701,HoCP17-0701,1,A,7,4,,
L,2010-147,2010147,L10-147,L10-0147,1,A,8,4,,
L,2010-147,2010147,L10-147,L10-0147,1,A,8,4,,
L,2010-147,2010147,L10-147,L10-0147,1,A,8,4,,
L,2010-147,2010147,L10-147,L10-0147,1,A,8,4,,
L,2020-065,2020065,L20-065,L20-0065,1,A,9,4,,
L,2020-065,2020065,L20-065,L20-0065,1,A,9,4,,
L,2020-065,2020065,L20-065,L20-0065,1,A,9,4,,
L,2020-065,2020065,L20-065,L20-0065,1,A,9,4,,
L,2015-306,2015306,L15-306,L15-0306,1,A,10,4,,
L,2015-306,2015306,L15-306,L15-0306,1,A,10,4,,
L,2015-306,2015306,L15-306,L15-0306,1,A,10,4,,
L,2015-306,2015306,L15-306,L15-0306,1,A,10,4,,
HOCP,1996-540,1996540,HOCP96-540,HoCP96-0540,1,A,11,4,,
HOCP,1996-540,1996540,HOCP96-540,HoCP96-0540,1,A,11,4,,
HOCP,1996-540,1996540,HOCP96-540,HoCP96-0540,1,A,11,4,,
HOCP,1996-540,1996540,HOCP96-540,HoCP96-0540,1,A,11,4,,
L,1999-226,1999226,L99-226,L99-0226,1,A,12,3,,
L,1999-226,1999226,L99-226,L99-0226,1,A,12,3,,
L,1999-226,1999226,L99-226,L99-0226,1,A,12,3,,
Z,1999-226,1999226,ZASTRIPED,ZASTRIPED,1,A,13,6,,
Z,1999-226,1999226,ZASTRIPED,ZASTRIPED,1,A,13,6,,
Z,1999-226,1999226,ZASTRIPED,ZASTRIPED,1,A,13,6,,
Z,1999-226,1999226,ZASTRIPED,ZASTRIPED,1,A,13,6,,
Z,1999-226,1999226,ZASTRIPED,ZASTRIPED,1,A,13,6,,
Z,1999-226,1999226,ZASTRIPED,ZASTRIPED,1,A,13,6,,
HOCP,2014-885,2014885,HOCP14-885,HoCP14-0885,1,A,14,3,,
HOCP,2014-885,2014885,HOCP14-885,HoCP14-0885,1,A,14,3,,
HOCP,2014-885,2014885,HOCP14-885,HoCP14-0885,1,A,14,3,,
HO,2009-9401,20099401,HO09-9401,Ho09-9401,1,A,15,4,,
HO,2009-9401,20099401,HO09-9401,Ho09-9401,1,A,15,4,,
HO,2009-9401,20099401,HO09-9401,Ho09-9401,1,A,15,4,,
HO,2009-9401,20099401,HO09-9401,Ho09-9401,1,A,15,4,,
L,1999-233,1999233,L99-233,L99-0233,1,A,16,5,,
L,1999-233,1999233,L99-233,L99-0233,1,A,16,5,,
L,1999-233,1999233,L99-233,L99-0233,1,A,16,5,,
L,1999-233,1999233,L99-233,L99-0233,1,A,16,5,,
L,1999-233,1999233,L99-233,L99-0233,1,A,16,5,,
TUC,1977-042,1977042,TUC77-042,TUC77-0042,1,A,17,4,,
TUC,1977-042,1977042,TUC77-042,TUC77-0042,1,A,17,4,,
TUC,1977-042,1977042,TUC77-042,TUC77-0042,1,A,17,4,,
TUC,1977-042,1977042,TUC77-042,TUC77-0042,1,A,17,4,,
HO,2011-9406,20119406,HO11-9406,Ho11-9406,1,A,18,3,,
HO,2011-9406,20119406,HO11-9406,Ho11-9406,1,A,18,3,,
HO,2011-9406,20119406,HO11-9406,Ho11-9406,1,A,18,3,,
HO,2011-9406,20119406,HO11-9406,Ho11-9406,1,B,1,5,,
HO,2011-9406,20119406,HO11-9406,Ho11-9406,1,B,1,5,,
HO,2011-9406,20119406,HO11-9406,Ho11-9406,1,B,1,5,,
HO,2011-9406,20119406,HO11-9406,Ho11-9406,1,B,1,5,,
HO,2011-9406,20119406,HO11-9406,Ho11-9406,1,B,1,5,,
HOCP,2014-885,2014885,HOCP14-885,HoCP14-0885,1,B,2,5,,
HOCP,2014-885,2014885,HOCP14-885,HoCP14-0885,1,B,2,5,,
HOCP,2014-885,2014885,HOCP14-885,HoCP14-0885,1,B,2,5,,
HOCP,2014-885,2014885,HOCP14-885,HoCP14-0885,1,B,2,5,,
HOCP,2014-885,2014885,HOCP14-885,HoCP14-0885,1,B,2,5,,
HO,2012-630,2012630,HO12-630,Ho12-0630,1,B,3,4,,
HO,2012-630,2012630,HO12-630,Ho12-0630,1,B,3,4,,
HO,2012-630,2012630,HO12-630,Ho12-0630,1,B,3,4,,
HO,2012-630,2012630,HO12-630,Ho12-0630,1,B,3,4,,
L,2015-337,2015337,L15-337,L15-0337,1,B,4,5,,
L,2015-337,2015337,L15-337,L15-0337,1,B,4,5,,
L,2015-337,2015337,L15-337,L15-0337,1,B,4,5,,
L,2015-337,2015337,L15-337,L15-0337,1,B,4,5,,
L,2015-337,2015337,L15-337,L15-0337,1,B,4,5,,
HO,2017-776,2017776,HO17-776,Ho17-0776,1,B,5,4,,
HO,2017-776,2017776,HO17-776,Ho17-0776,1,B,5,4,,
HO,2017-776,2017776,HO17-776,Ho17-0776,1,B,5,4,,
HO,2017-776,2017776,HO17-776,Ho17-0776,1,B,5,4,,
L,2014-266,2014266,L14-266,L14-0266,1,B,6,4,,
L,2014-266,2014266,L14-266,L14-0266,1,B,6,4,,
L,2014-266,2014266,L14-266,L14-0266,1,B,6,4,,
L,2014-266,2014266,L14-266,L14-0266,1,B,6,4,,
L,2010-147,2010147,L10-147,L10-0147,1,B,7,6,,
L,2010-147,2010147,L10-147,L10-0147,1,B,7,6,,
L,2010-147,2010147,L10-147,L10-0147,1,B,7,6,,
L,2010-147,2010147,L10-147,L10-0147,1,B,7,6,,
L,2010-147,2010147,L10-147,L10-0147,1,B,7,6,,
L,2010-147,2010147,L10-147,L10-0147,1,B,7,6,,
HO,2009-840,2009840,HO09-840,Ho09-0840,1,B,8,5,,
HO,2009-840,2009840,HO09-840,Ho09-0840,1,B,8,5,,
HO,2009-840,2009840,HO09-840,Ho09-0840,1,B,8,5,,
HO,2009-840,2009840,HO09-840,Ho09-0840,1,B,8,5,,
HO,2009-840,2009840,HO09-840,Ho09-0840,1,B,8,5,,
L,2023-142,2023142,L23-142,L23-0142,1,B,9,4,,
L,2023-142,2023142,L23-142,L23-0142,1,B,9,4,,
L,2023-142,2023142,L23-142,L23-0142,1,B,9,4,,
L,2023-142,2023142,L23-142,L23-0142,1,B,9,4,,
L,2015-320,2015320,L15-320,L15-0320,1,B,10,3,,
L,2015-320,2015320,L15-320,L15-0320,1,B,10,3,,
L,2015-320,2015320,L15-320,L15-0320,1,B,10,3,,
L,1999-233,1999233,L99-233,L99-0233,1,B,11,4,,
L,1999-233,1999233,L99-233,L99-0233,1,B,11,4,,
L,1999-233,1999233,L99-233,L99-0233,1,B,11,4,,
L,1999-233,1999233,L99-233,L99-0233,1,B,11,4,,
HO,2009-9402,20099402,HO09-9402,Ho09-9402,1,B,12,5,,
HO,2009-9402,20099402,HO09-9402,Ho09-9402,1,B,12,5,,
HO,2009-9402,20099402,HO09-9402,Ho09-9402,1,B,12,5,,
HO,2009-9402,20099402,HO09-9402,Ho09-9402,1,B,12,5,,
HO,2009-9402,20099402,HO09-9402,Ho09-9402,1,B,12,5,,
HO,2009-827,2009827,HO09-827,Ho09-0827,1,B,13,4,,
HO,2009-827,2009827,HO09-827,Ho09-0827,1,B,13,4,,
HO,2009-827,2009827,HO09-827,Ho09-0827,1,B,13,4,,
HO,2009-827,2009827,HO09-827,Ho09-0827,1,B,13,4,,
L,2020-065,2020065,L20-065,L20-0065,1,B,14,5,,
L,2020-065,2020065,L20-065,L20-0065,1,B,14,5,,
L,2020-065,2020065,L20-065,L20-0065,1,B,14,5,,
L,2020-065,2020065,L20-065,L20-0065,1,B,14,5,,
L,2020-065,2020065,L20-065,L20-0065,1,B,14,5,,
L,2023-136,2023136,L23-136,L23-0136,1,B,15,4,,
L,2023-136,2023136,L23-136,L23-0136,1,B,15,4,,
L,2023-136,2023136,L23-136,L23-0136,1,B,15,4,,
L,2023-136,2023136,L23-136,L23-0136,1,B,15,4,,
N,39,39,N39,N39,1,B,16,4,,
N,39,39,N39,N39,1,B,16,4,,
N,39,39,N39,N39,1,B,16,4,,
N,39,39,N39,N39,1,B,16,4,,
HOCP,2000-950,2000950,HOCP00-950,HoCP00-0950,1,B,17,4,,
HOCP,2000-950,2000950,HOCP00-950,HoCP00-0950,1,B,17,4,,
HOCP,2000-950,2000950,HOCP00-950,HoCP00-0950,1,B,17,4,,
HOCP,2000-950,2000950,HOCP00-950,HoCP00-0950,1,B,17,4,,
L,2014-269,2014269,L14-269,L14-0269,1,B,18,5,,
L,2014-269,2014269,L14-269,L14-0269,1,B,18,5,,
L,2014-269,2014269,L14-269,L14-0269,1,B,18,5,,
L,2014-269,2014269,L14-269,L14-0269,1,B,18,5,,
L,2014-269,2014269,L14-269,L14-0269,1,B,18,5,,
L,2022-123,2022123,L22-123,L22-0123,1,C,1,2,,
L,2022-123,2022123,L22-123,L22-0123,1,C,1,2,,
TUC,1977-042,1977042,TUC77-042,TUC77-0042,1,C,2,3,,
TUC,1977-042,1977042,TUC77-042,TUC77-0042,1,C,2,3,,
TUC,1977-042,1977042,TUC77-042,TUC77-0042,1,C,2,3,,
HO,2009-9402,20099402,HO09-9402,Ho09-9402,1,C,3,5,,
HO,2009-9402,20099402,HO09-9402,Ho09-9402,1,C,3,5,,
HO,2009-9402,20099402,HO09-9402,Ho09-9402,1,C,3,5,,
HO,2009-9402,20099402,HO09-9402,Ho09-9402,1,C,3,5,,
HO,2009-9402,20099402,HO09-9402,Ho09-9402,1,C,3,5,,
L,2022-106,2022106,L22-106,L22-0106,1,C,4,2,,
L,2022-106,2022106,L22-106,L22-0106,1,C,4,2,,
HOCP,2009-804,2009804,HOCP09-804,HoCP09-0804,1,C,5,3,,
HOCP,2009-804,2009804,HOCP09-804,HoCP09-0804,1,C,5,3,,
HOCP,2009-804,2009804,HOCP09-804,HoCP09-0804,1,C,5,3,,
L,2020-065,2020065,L20-065,L20-0065,1,C,6,3,,
L,2020-065,2020065,L20-065,L20-0065,1,C,6,3,,
L,2020-065,2020065,L20-065,L20-0065,1,C,6,3,,
HOCP,1991-552,1991552,HOCP91-552,HoCP91-0552,1,C,7,4,,
HOCP,1991-552,1991552,HOCP91-552,HoCP91-0552,1,C,7,4,,
HOCP,1991-552,1991552,HOCP91-552,HoCP91-0552,1,C,7,4,,
HOCP,1991-552,1991552,HOCP91-552,HoCP91-0552,1,C,7,4,,
L,2011-187,2011187,L11-187,L11-0187,1,C,8,4,,
L,2011-187,2011187,L11-187,L11-0187,1,C,8,4,,
L,2011-187,2011187,L11-187,L11-0187,1,C,8,4,,
L,2011-187,2011187,L11-187,L11-0187,1,C,8,4,,
L,2009-099,2009099,L09-099,L09-0099,1,C,9,4,,
L,2009-099,2009099,L09-099,L09-0099,1,C,9,4,,
L,2009-099,2009099,L09-099,L09-0099,1,C,9,4,,
L,2009-099,2009099,L09-099,L09-0099,1,C,9,4,,
L,2014-269,2014269,L14-269,L14-0269,1,C,10,3,,
L,2014-269,2014269,L14-269,L14-0269,1,C,10,3,,
L,2014-269,2014269,L14-269,L14-0269,1,C,10,3,,
HO,2009-9401,20099401,HO09-9401,Ho09-9401,1,C,11,3,,
HO,2009-9401,20099401,HO09-9401,Ho09-9401,1,C,11,3,,
HO,2009-9401,20099401,HO09-9401,Ho09-9401,1,C,11,3,,
HO,2016-608,2016608,HO16-608,Ho16-0608,1,C,12,2,,
HO,2016-608,2016608,HO16-608,Ho16-0608,1,C,12,2,,
HOCP,1992-624,1992624,HOCP92-624,HoCP92-0624,1,C,13,2,,
HOCP,1992-624,1992624,HOCP92-624,HoCP92-0624,1,C,13,2,,
L,2014-265,2014265,L14-265,L14-0265,1,C,14,5,,
L,2014-265,2014265,L14-265,L14-0265,1,C,14,5,,
L,2014-265,2014265,L14-265,L14-0265,1,C,14,5,,
L,2014-265,2014265,L14-265,L14-0265,1,C,14,5,,
L,2014-265,2014265,L14-265,L14-0265,1,C,14,5,,
L,2014-275,2014275,L14-275,L14-0275,1,C,15,2,,
L,2014-275,2014275,L14-275,L14-0275,1,C,15,2,,
L,2005-457,2005457,L05-457,L05-0457,1,C,16,7,,
L,2005-457,2005457,L05-457,L05-0457,1,C,16,7,,
L,2005-457,2005457,L05-457,L05-0457,1,C,16,7,,
L,2005-457,2005457,L05-457,L05-0457,1,C,16,7,,
L,2005-457,2005457,L05-457,L05-0457,1,C,16,7,,
L,2005-457,2005457,L05-457,L05-0457,1,C,16,7,,
L,2005-457,2005457,L05-457,L05-0457,1,C,16,7,,
HO,2006-563,2006563,HO06-563,Ho06-0563,1,C,17,3,,
HO,2006-563,2006563,HO06-563,Ho06-0563,1,C,17,3,,
HO,2006-563,2006563,HO06-563,Ho06-0563,1,C,17,3,,
L,2008-090,2008090,L08-090,L08-0090,1,C,18,3,,
L,2008-090,2008090,L08-090,L08-0090,1,C,18,3,,
L,2008-090,2008090,L08-090,L08-0090,1,C,18,3,,
HOCP,2004-838,2004838,HOCP04-838,HoCP04-0838,2,A,1,4,,
HOCP,2004-838,2004838,HOCP04-838,HoCP04-0838,2,A,1,4,,
HOCP,2004-838,2004838,HOCP04-838,HoCP04-0838,2,A,1,4,,
HOCP,2004-838,2004838,HOCP04-838,HoCP04-0838,2,A,1,4,,
HO,2012-630,2012630,HO12-630,Ho12-0630,2,A,2,3,,
HO,2012-630,2012630,HO12-630,Ho12-0630,2,A,2,3,,
HO,2012-630,2012630,HO12-630,Ho12-0630,2,A,2,3,,
L,2015-337,2015337,L15-337,L15-0337,2,A,3,5,,
L,2015-337,2015337,L15-337,L15-0337,2,A,3,5,,
L,2015-337,2015337,L15-337,L15-0337,2,A,3,5,,
L,2015-337,2015337,L15-337,L15-0337,2,A,3,5,,
L,2015-337,2015337,L15-337,L15-0337,2,A,3,5,,
HOCP,1996-540,1996540,HOCP96-540,HoCP96-0540,2,A,4,3,,
HOCP,1996-540,1996540,HOCP96-540,HoCP96-0540,2,A,4,3,,
HOCP,1996-540,1996540,HOCP96-540,HoCP96-0540,2,A,4,3,,
HOCP,2004-847,2004847,HOCP04-847,HoCP04-0847,2,A,5,5,,
HOCP,2004-847,2004847,HOCP04-847,HoCP04-0847,2,A,5,5,,
HOCP,2004-847,2004847,HOCP04-847,HoCP04-0847,2,A,5,5,,
HOCP,2004-847,2004847,HOCP04-847,HoCP04-0847,2,A,5,5,,
HOCP,2004-847,2004847,HOCP04-847,HoCP04-0847,2,A,5,5,,
L,2010-147,2010147,L10-147,L10-0147,2,A,6,5,,
L,2010-147,2010147,L10-147,L10-0147,2,A,6,5,,
L,2010-147,2010147,L10-147,L10-0147,2,A,6,5,,
L,2010-147,2010147,L10-147,L10-0147,2,A,6,5,,
L,2010-147,2010147,L10-147,L10-0147,2,A,6,5,,
HOCP,2009-804,2009804,HOCP09-804,HoCP09-0804,2,A,7,4,,
HOCP,2009-804,2009804,HOCP09-804,HoCP09-0804,2,A,7,4,,
HOCP,2009-804,2009804,HOCP09-804,HoCP09-0804,2,A,7,4,,
HOCP,2009-804,2009804,HOCP09-804,HoCP09-0804,2,A,7,4,,
L,2012-202,2012202,L12-202,L12-0202,2,A,8,3,,
L,2012-202,2012202,L12-202,L12-0202,2,A,8,3,,
L,2012-202,2012202,L12-202,L12-0202,2,A,8,3,,
L,2014-269,2014269,L14-269,L14-0269,2,A,9,5,,
L,2014-269,2014269,L14-269,L14-0269,2,A,9,5,,
L,2014-269,2014269,L14-269,L14-0269,2,A,9,5,,
L,2014-269,2014269,L14-269,L14-0269,2,A,9,5,,
L,2014-269,2014269,L14-269,L14-0269,2,A,9,5,,
L,2020-065,2020065,L20-065,L20-0065,2,A,10,3,,
L,2020-065,2020065,L20-065,L20-0065,2,A,10,3,,
L,2020-065,2020065,L20-065,L20-0065,2,A,10,3,,
HO,2006-563,2006563,HO06-563,Ho06-0563,2,A,11,4,,
HO,2006-563,2006563,HO06-563,Ho06-0563,2,A,11,4,,
HO,2006-563,2006563,HO06-563,Ho06-0563,2,A,11,4,,
HO,2006-563,2006563,HO06-563,Ho06-0563,2,A,11,4,,
HOL,2015-508,2015508,HOL15-508,HoL15-0508,2,A,12,5,,
HOL,2015-508,2015508,HOL15-508,HoL15-0508,2,A,12,5,,
HOL,2015-508,2015508,HOL15-508,HoL15-0508,2,A,12,5,,
HOL,2015-508,2015508,HOL15-508,HoL15-0508,2,A,12,5,,
HOL,2015-508,2015508,HOL15-508,HoL15-0508,2,A,12,5,,
HO,2017-776,2017776,HO17-776,Ho17-0776,2,A,13,4,,
HO,2017-776,2017776,HO17-776,Ho17-0776,2,A,13,4,,
HO,2017-776,2017776,HO17-776,Ho17-0776,2,A,13,4,,
HO,2017-776,2017776,HO17-776,Ho17-0776,2,A,13,4,,
HO,2011-9406,20119406,HO11-9406,Ho11-9406,2,A,14,4,,
HO,2011-9406,20119406,HO11-9406,Ho11-9406,2,A,14,4,,
HO,2011-9406,20119406,HO11-9406,Ho11-9406,2,A,14,4,,
HO,2011-9406,20119406,HO11-9406,Ho11-9406,2,A,14,4,,
HO,2013-739,2013739,HO13-739,Ho13-0739,2,A,15,2,,
HO,2013-739,2013739,HO13-739,Ho13-0739,2,A,15,2,,
L,2022-134,2022134,L22-134,L22-0134,2,A,16,4,,
L,2022-134,2022134,L22-134,L22-0134,2,A,16,4,,
L,2022-134,2022134,L22-134,L22-0134,2,A,16,4,,
L,2022-134,2022134,L22-134,L22-0134,2,A,16,4,,
L,1999-226,1999226,L99-226,L99-0226,2,A,17,3,,
L,1999-226,1999226,L99-226,L99-0226,2,A,17,3,,
L,1999-226,1999226,L99-226,L99-0226,2,A,17,3,,
HOCP,2014-885,2014885,HOCP14-885,HoCP14-0885,2,A,18,4,,
HOCP,2014-885,2014885,HOCP14-885,HoCP14-0885,2,A,18,4,,
HOCP,2014-885,2014885,HOCP14-885,HoCP14-0885,2,A,18,4,,
HOCP,2014-885,2014885,HOCP14-885,HoCP14-0885,2,A,18,4,,
L,2014-265,2014265,L14-265,L14-0265,2,B,1,4,,
L,2014-265,2014265,L14-265,L14-0265,2,B,1,4,,
L,2014-265,2014265,L14-265,L14-0265,2,B,1,4,,
L,2014-265,2014265,L14-265,L14-0265,2,B,1,4,,
HO,2008-717,2008717,HO08-717,Ho08-0717,2,B,2,5,,
HO,2008-717,2008717,HO08-717,Ho08-0717,2,B,2,5,,
HO,2008-717,2008717,HO08-717,Ho08-0717,2,B,2,5,,
HO,2008-717,2008717,HO08-717,Ho08-0717,2,B,2,5,,
HO,2008-717,2008717,HO08-717,Ho08-0717,2,B,2,5,,
HO,2011-9406,20119406,HO11-9406,Ho11-9406,2,B,3,5,,
HO,2011-9406,20119406,HO11-9406,Ho11-9406,2,B,3,5,,
HO,2011-9406,20119406,HO11-9406,Ho11-9406,2,B,3,5,,
HO,2011-9406,20119406,HO11-9406,Ho11-9406,2,B,3,5,,
HO,2011-9406,20119406,HO11-9406,Ho11-9406,2,B,3,5,,
HO,2009-9401,20099401,HO09-9401,Ho09-9401,2,B,4,4,,
HO,2009-9401,20099401,HO09-9401,Ho09-9401,2,B,4,4,,
HO,2009-9401,20099401,HO09-9401,Ho09-9401,2,B,4,4,,
HO,2009-9401,20099401,HO09-9401,Ho09-9401,2,B,4,4,,
L,2009-099,2009099,L09-099,L09-0099,2,B,5,5,,
L,2009-099,2009099,L09-099,L09-0099,2,B,5,5,,
L,2009-099,2009099,L09-099,L09-0099,2,B,5,5,,
L,2009-099,2009099,L09-099,L09-0099,2,B,5,5,,
L,2009-099,2009099,L09-099,L09-0099,2,B,5,5,,
HO,2013-705,2013705,HO13-705,Ho13-0705,2,B,6,2,,
HO,2013-705,2013705,HO13-705,Ho13-0705,2,B,6,2,,
HO,2013-739,2013739,HO13-739,Ho13-0739,2,B,7,4,,
HO,2013-739,2013739,HO13-739,Ho13-0739,2,B,7,4,,
HO,2013-739,2013739,HO13-739,Ho13-0739,2,B,7,4,,
HO,2013-739,2013739,HO13-739,Ho13-0739,2,B,7,4,,
HO,2009-9402,20099402,HO09-9402,Ho09-9402,2,B,8,3,,
HO,2009-9402,20099402,HO09-9402,Ho09-9402,2,B,8,3,,
HO,2009-9402,20099402,HO09-9402,Ho09-9402,2,B,8,3,,
L,1999-233,1999233,L99-233,L99-0233,2,B,9,4,,
L,1999-233,1999233,L99-233,L99-0233,2,B,9,4,,
L,1999-233,1999233,L99-233,L99-0233,2,B,9,4,,
L,1999-233,1999233,L99-233,L99-0233,2,B,9,4,,
HOCP,2018-803,2018803,HOCP18-803,HoCP18-0803,2,B,10,4,,
HOCP,2018-803,2018803,HOCP18-803,HoCP18-0803,2,B,10,4,,
HOCP,2018-803,2018803,HOCP18-803,HoCP18-0803,2,B,10,4,,
HOCP,2018-803,2018803,HOCP18-803,HoCP18-0803,2,B,10,4,,
L,2009-112,2009112,L09-112,L09-0112,2,B,11,4,,
L,2009-112,2009112,L09-112,L09-0112,2,B,11,4,,
L,2009-112,2009112,L09-112,L09-0112,2,B,11,4,,
L,2009-112,2009112,L09-112,L09-0112,2,B,11,4,,
HOCP,1997-609,1997609,HOCP97-609,HoCP97-0609,2,B,12,5,,
HOCP,1997-609,1997609,HOCP97-609,HoCP97-0609,2,B,12,5,,
HOCP,1997-609,1997609,HOCP97-609,HoCP97-0609,2,B,12,5,,
HOCP,1997-609,1997609,HOCP97-609,HoCP97-0609,2,B,12,5,,
HOCP,1997-609,1997609,HOCP97-609,HoCP97-0609,2,B,12,5,,
L,2020-065,2020065,L20-065,L20-0065,2,B,13,3,,
L,2020-065,2020065,L20-065,L20-0065,2,B,13,3,,
L,2020-065,2020065,L20-065,L20-0065,2,B,13,3,,
HO,2012-630,2012630,HO12-630,Ho12-0630,2,B,14,2,,
HO,2012-630,2012630,HO12-630,Ho12-0630,2,B,14,2,,
L,2011-187,2011187,L11-187,L11-0187,2,B,15,4,,
L,2011-187,2011187,L11-187,L11-0187,2,B,15,4,,
L,2011-187,2011187,L11-187,L11-0187,2,B,15,4,,
L,2011-187,2011187,L11-187,L11-0187,2,B,15,4,,
HO,2017-776,2017776,HO17-776,Ho17-0776,2,B,16,4,,
HO,2017-776,2017776,HO17-776,Ho17-0776,2,B,16,4,,
HO,2017-776,2017776,HO17-776,Ho17-0776,2,B,16,4,,
HO,2017-776,2017776,HO17-776,Ho17-0776,2,B,16,4,,
HO,2006-563,2006563,HO06-563,Ho06-0563,2,B,17,4,,
HO,2006-563,2006563,HO06-563,Ho06-0563,2,B,17,4,,
HO,2006-563,2006563,HO06-563,Ho06-0563,2,B,17,4,,
HO,2006-563,2006563,HO06-563,Ho06-0563,2,B,17,4,,
HO,2011-532,2011532,HO11-532,Ho11-0532,2,B,18,3,,
HO,2011-532,2011532,HO11-532,Ho11-0532,2,B,18,3,,
HO,2011-532,2011532,HO11-532,Ho11-0532,2,B,18,3,,
L,1999-226,1999226,L99-226,L99-0226,2,C,1,5,,
L,1999-226,1999226,L99-226,L99-0226,2,C,1,5,,
L,1999-226,1999226,L99-226,L99-0226,2,C,1,5,,
L,1999-226,1999226,L99-226,L99-0226,2,C,1,5,,
L,1999-226,1999226,L99-226,L99-0226,2,C,1,5,,
HOCP,2009-804,2009804,HOCP09-804,HoCP09-0804,2,C,2,4,,
HOCP,2009-804,2009804,HOCP09-804,HoCP09-0804,2,C,2,4,,
HOCP,2009-804,2009804,HOCP09-804,HoCP09-0804,2,C,2,4,,
HOCP,2009-804,2009804,HOCP09-804,HoCP09-0804,2,C,2,4,,
HO,2009-9402,20099402,HO09-9402,Ho09-9402,2,C,3,4,,
HO,2009-9402,20099402,HO09-9402,Ho09-9402,2,C,3,4,,
HO,2009-9402,20099402,HO09-9402,Ho09-9402,2,C,3,4,,
HO,2009-9402,20099402,HO09-9402,Ho09-9402,2,C,3,4,,
L,2014-266,2014266,L14-266,L14-0266,2,C,4,2,,
L,2014-266,2014266,L14-266,L14-0266,2,C,4,2,,
L,2023-146,2023146,L23-146,L23-0146,2,C,5,4,,
L,2023-146,2023146,L23-146,L23-0146,2,C,5,4,,
L,2023-146,2023146,L23-146,L23-0146,2,C,5,4,,
L,2023-146,2023146,L23-146,L23-0146,2,C,5,4,,
L,2014-276,2014276,L14-276,L14-0276,2,C,6,4,,
L,2014-276,2014276,L14-276,L14-0276,2,C,6,4,,
L,2014-276,2014276,L14-276,L14-0276,2,C,6,4,,
L,2014-276,2014276,L14-276,L14-0276,2,C,6,4,,
HOCP,1996-540,1996540,HOCP96-540,HoCP96-0540,2,C,7,3,,
HOCP,1996-540,1996540,HOCP96-540,HoCP96-0540,2,C,7,3,,
HOCP,1996-540,1996540,HOCP96-540,HoCP96-0540,2,C,7,3,,
L,2014-275,2014275,L14-275,L14-0275,2,C,8,3,,
L,2014-275,2014275,L14-275,L14-0275,2,C,8,3,,
L,2014-275,2014275,L14-275,L14-0275,2,C,8,3,,
L,2013-243,2013243,L13-243,L13-0243,2,C,9,2,,
L,2013-243,2013243,L13-243,L13-0243,2,C,9,2,,
HO,2011-532,2011532,HO11-532,Ho11-0532,2,C,10,5,,
HO,2011-532,2011532,HO11-532,Ho11-0532,2,C,10,5,,
HO,2011-532,2011532,HO11-532,Ho11-0532,2,C,10,5,,
HO,2011-532,2011532,HO11-532,Ho11-0532,2,C,10,5,,
HO,2011-532,2011532,HO11-532,Ho11-0532,2,C,10,5,,
L,2006-001,2006001,L06-001,L06-0001,2,C,11,3,,
L,2006-001,2006001,L06-001,L06-0001,2,C,11,3,,
L,2006-001,2006001,L06-001,L06-0001,2,C,11,3,,
L,2014-273,2014273,L14-273,L14-0273,2,C,12,4,,
L,2014-273,2014273,L14-273,L14-0273,2,C,12,4,,
L,2014-273,2014273,L14-273,L14-0273,2,C,12,4,,
L,2014-273,2014273,L14-273,L14-0273,2,C,12,4,,
HO,2007-613,2007613,HO07-613,Ho07-0613,2,C,13,6,,
HO,2007-613,2007613,HO07-613,Ho07-0613,2,C,13,6,,
HO,2007-613,2007613,HO07-613,Ho07-0613,2,C,13,6,,
HO,2007-613,2007613,HO07-613,Ho07-0613,2,C,13,6,,
HO,2007-613,2007613,HO07-613,Ho07-0613,2,C,13,6,,
HO,2007-613,2007613,HO07-613,Ho07-0613,2,C,13,6,,
HOCP,2004-847,2004847,HOCP04-847,HoCP04-0847,2,C,14,5,,
HOCP,2004-847,2004847,HOCP04-847,HoCP04-0847,2,C,14,5,,
HOCP,2004-847,2004847,HOCP04-847,HoCP04-0847,2,C,14,5,,
HOCP,2004-847,2004847,HOCP04-847,HoCP04-0847,2,C,14,5,,
HOCP,2004-847,2004847,HOCP04-847,HoCP04-0847,2,C,14,5,,
L,2015-298,2015298,L15-298,L15-0298,2,C,15,4,,
L,2015-298,2015298,L15-298,L15-0298,2,C,15,4,,
L,2015-298,2015298,L15-298,L15-0298,2,C,15,4,,
L,2015-298,2015298,L15-298,L15-0298,2,C,15,4,,
HOCP,1992-624,1992624,HOCP92-624,HoCP92-0624,2,C,16,4,,
HOCP,1992-624,1992624,HOCP92-624,HoCP92-0624,2,C,16,4,,
HOCP,1992-624,1992624,HOCP92-624,HoCP92-0624,2,C,16,4,,
HOCP,1992-624,1992624,HOCP92-624,HoCP92-0624,2,C,16,4,,
HOCP,2000-950,2000950,HOCP00-950,HoCP00-0950,2,C,17,4,,
HOCP,2000-950,2000950,HOCP00-950,HoCP00-0950,2,C,17,4,,
HOCP,2000-950,2000950,HOCP00-950,HoCP00-0950,2,C,17,4,,
HOCP,2000-950,2000950,HOCP00-950,HoCP00-0950,2,C,17,4,,
L,2015-337,2015337,L15-337,L15-0337,2,C,18,4,,
L,2015-337,2015337,L15-337,L15-0337,2,C,18,4,,
L,2015-337,2015337,L15-337,L15-0337,2,C,18,4,,
L,2015-337,2015337,L15-337,L15-0337,2,C,18,4,,
L,2013-251,2013251,L13-251,L13-0251,3,A,1,5,,
L,2013-251,2013251,L13-251,L13-0251,3,A,1,5,,
L,2013-251,2013251,L13-251,L13-0251,3,A,1,5,,
L,2013-251,2013251,L13-251,L13-0251,3,A,1,5,,
L,2013-251,2013251,L13-251,L13-0251,3,A,1,5,,
HOCP,2014-885,2014885,HOCP14-885,HoCP14-0885,3,A,2,5,,
HOCP,2014-885,2014885,HOCP14-885,HoCP14-0885,3,A,2,5,,
HOCP,2014-885,2014885,HOCP14-885,HoCP14-0885,3,A,2,5,,
HOCP,2014-885,2014885,HOCP14-885,HoCP14-0885,3,A,2,5,,
HOCP,2014-885,2014885,HOCP14-885,HoCP14-0885,3,A,2,5,,
L,2023-163,2023163,L23-163,L23-0163,3,A,3,5,,
L,2023-163,2023163,L23-163,L23-0163,3,A,3,5,,
L,2023-163,2023163,L23-163,L23-0163,3,A,3,5,,
L,2023-163,2023163,L23-163,L23-0163,3,A,3,5,,
L,2023-163,2023163,L23-163,L23-0163,3,A,3,5,,
L,2022-115,2022115,L22-115,L22-0115,3,A,4,4,,
L,2022-115,2022115,L22-115,L22-0115,3,A,4,4,,
L,2022-115,2022115,L22-115,L22-0115,3,A,4,4,,
L,2022-115,2022115,L22-115,L22-0115,3,A,4,4,,
L,1999-226,1999226,L99-226,L99-0226,3,A,5,3,,
L,1999-226,1999226,L99-226,L99-0226,3,A,5,3,,
L,1999-226,1999226,L99-226,L99-0226,3,A,5,3,,
HOCP,2004-838,2004838,HOCP04-838,HoCP04-0838,3,A,6,4,,
HOCP,2004-838,2004838,HOCP04-838,HoCP04-0838,3,A,6,4,,
HOCP,2004-838,2004838,HOCP04-838,HoCP04-0838,3,A,6,4,,
HOCP,2004-838,2004838,HOCP04-838,HoCP04-0838,3,A,6,4,,
L,2009-099,2009099,L09-099,L09-0099,3,A,7,4,,
L,2009-099,2009099,L09-099,L09-0099,3,A,7,4,,
L,2009-099,2009099,L09-099,L09-0099,3,A,7,4,,
L,2009-099,2009099,L09-099,L09-0099,3,A,7,4,,
L,2023-140,2023140,L23-140,L23-0140,3,A,8,2,,
L,2023-140,2023140,L23-140,L23-0140,3,A,8,2,,
L,2012-202,2012202,L12-202,L12-0202,3,A,9,3,,
L,2012-202,2012202,L12-202,L12-0202,3,A,9,3,,
L,2012-202,2012202,L12-202,L12-0202,3,A,9,3,,
L,2001-299,2001299,L01-299,L01-0299,3,A,10,4,,
L,2001-299,2001299,L01-299,L01-0299,3,A,10,4,,
L,2001-299,2001299,L01-299,L01-0299,3,A,10,4,,
L,2001-299,2001299,L01-299,L01-0299,3,A,10,4,,
HO,2012-615,2012615,HO12-615,Ho12-0615,3,A,11,4,,
HO,2012-615,2012615,HO12-615,Ho12-0615,3,A,11,4,,
HO,2012-615,2012615,HO12-615,Ho12-0615,3,A,11,4,,
HO,2012-615,2012615,HO12-615,Ho12-0615,3,A,11,4,,
N,64,64,N64,N64,3,A,12,4,,
N,64,64,N64,N64,3,A,12,4,,
N,64,64,N64,N64,3,A,12,4,,
N,64,64,N64,N64,3,A,12,4,,
L,2009-123,2009123,L09-123,L09-0123,3,A,13,4,,
L,2009-123,2009123,L09-123,L09-0123,3,A,13,4,,
L,2009-123,2009123,L09-123,L09-0123,3,A,13,4,,
L,2009-123,2009123,L09-123,L09-0123,3,A,13,4,,
L,2009-112,2009112,L09-112,L09-0112,3,A,14,2,,
L,2009-112,2009112,L09-112,L09-0112,3,A,14,2,,
L,2014-265,2014265,L14-265,L14-0265,3,A,15,5,,
L,2014-265,2014265,L14-265,L14-0265,3,A,15,5,,
L,2014-265,2014265,L14-265,L14-0265,3,A,15,5,,
L,2014-265,2014265,L14-265,L14-0265,3,A,15,5,,
L,2014-265,2014265,L14-265,L14-0265,3,A,15,5,,
HOCP,2014-802,2014802,HOCP14-802,HoCP14-0802,3,A,16,5,,
HOCP,2014-802,2014802,HOCP14-802,HoCP14-0802,3,A,16,5,,
HOCP,2014-802,2014802,HOCP14-802,HoCP14-0802,3,A,16,5,,
HOCP,2014-802,2014802,HOCP14-802,HoCP14-0802,3,A,16,5,,
HOCP,2014-802,2014802,HOCP14-802,HoCP14-0802,3,A,16,5,,
HO,2013-739,2013739,HO13-739,Ho13-0739,3,A,17,3,,
HO,2013-739,2013739,HO13-739,Ho13-0739,3,A,17,3,,
HO,2013-739,2013739,HO13-739,Ho13-0739,3,A,17,3,,
L,2015-298,2015298,L15-298,L15-0298,3,A,18,3,,
L,2015-298,2015298,L15-298,L15-0298,3,A,18,3,,
L,2015-298,2015298,L15-298,L15-0298,3,A,18,3,,
L,2011-187,2011187,L11-187,L11-0187,3,B,1,4,,
L,2011-187,2011187,L11-187,L11-0187,3,B,1,4,,
L,2011-187,2011187,L11-187,L11-0187,3,B,1,4,,
L,2011-187,2011187,L11-187,L11-0187,3,B,1,4,,
HO,2011-573,2011573,HO11-573,Ho11-0573,3,B,2,2,,
HO,2011-573,2011573,HO11-573,Ho11-0573,3,B,2,2,,
HOCP,2004-847,2004847,HOCP04-847,HoCP04-0847,3,B,3,4,,
HOCP,2004-847,2004847,HOCP04-847,HoCP04-0847,3,B,3,4,,
HOCP,2004-847,2004847,HOCP04-847,HoCP04-0847,3,B,3,4,,
HOCP,2004-847,2004847,HOCP04-847,HoCP04-0847,3,B,3,4,,
HO,2012-630,2012630,HO12-630,Ho12-0630,3,B,4,3,,
HO,2012-630,2012630,HO12-630,Ho12-0630,3,B,4,3,,
HO,2012-630,2012630,HO12-630,Ho12-0630,3,B,4,3,,
L,1999-233,1999233,L99-233,L99-0233,3,B,5,5,,
L,1999-233,1999233,L99-233,L99-0233,3,B,5,5,,
L,1999-233,1999233,L99-233,L99-0233,3,B,5,5,,
L,1999-233,1999233,L99-233,L99-0233,3,B,5,5,,
L,1999-233,1999233,L99-233,L99-0233,3,B,5,5,,
HOCP,2018-801,2018801,HOCP18-801,HoCP18-0801,3,B,6,5,,
HOCP,2018-801,2018801,HOCP18-801,HoCP18-0801,3,B,6,5,,
HOCP,2018-801,2018801,HOCP18-801,HoCP18-0801,3,B,6,5,,
HOCP,2018-801,2018801,HOCP18-801,HoCP18-0801,3,B,6,5,,
HOCP,2018-801,2018801,HOCP18-801,HoCP18-0801,3,B,6,5,,
HO,2006-563,2006563,HO06-563,Ho06-0563,3,B,7,3,,
HO,2006-563,2006563,HO06-563,Ho06-0563,3,B,7,3,,
HO,2006-563,2006563,HO06-563,Ho06-0563,3,B,7,3,,
HO,2009-840,2009840,HO09-840,Ho09-0840,3,B,8,5,,
HO,2009-840,2009840,HO09-840,Ho09-0840,3,B,8,5,,
HO,2009-840,2009840,HO09-840,Ho09-0840,3,B,8,5,,
HO,2009-840,2009840,HO09-840,Ho09-0840,3,B,8,5,,
HO,2009-840,2009840,HO09-840,Ho09-0840,3,B,8,5,,
HO,2008-717,2008717,HO08-717,Ho08-0717,3,B,9,3,,
HO,2008-717,2008717,HO08-717,Ho08-0717,3,B,9,3,,
HO,2008-717,2008717,HO08-717,Ho08-0717,3,B,9,3,,
HOCP,2002-618,2002618,HOCP02-618,HoCP02-0618,3,B,10,5,,
HOCP,2002-618,2002618,HOCP02-618,HoCP02-0618,3,B,10,5,,
HOCP,2002-618,2002618,HOCP02-618,HoCP02-0618,3,B,10,5,,
HOCP,2002-618,2002618,HOCP02-618,HoCP02-0618,3,B,10,5,,
HOCP,2002-618,2002618,HOCP02-618,HoCP02-0618,3,B,10,5,,
L,2023-159,2023159,L23-159,L23-0159,3,B,11,2,,
L,2023-159,2023159,L23-159,L23-0159,3,B,11,2,,
L,2011-183,2011183,L11-183,L11-0183,3,B,12,5,,
L,2011-183,2011183,L11-183,L11-0183,3,B,12,5,,
L,2011-183,2011183,L11-183,L11-0183,3,B,12,5,,
L,2011-183,2011183,L11-183,L11-0183,3,B,12,5,,
L,2011-183,2011183,L11-183,L11-0183,3,B,12,5,,
L,2023-137,2023137,L23-137,L23-0137,3,B,13,4,,
L,2023-137,2023137,L23-137,L23-0137,3,B,13,4,,
L,2023-137,2023137,L23-137,L23-0137,3,B,13,4,,
L,2023-137,2023137,L23-137,L23-0137,3,B,13,4,,
L,1999-226,1999226,L99-226,L99-0226,3,B,14,3,,
L,1999-226,1999226,L99-226,L99-0226,3,B,14,3,,
L,1999-226,1999226,L99-226,L99-0226,3,B,14,3,,
CP,1983-644,1983644,CP83-644,CP83-0644,3,B,15,4,,
CP,1983-644,1983644,CP83-644,CP83-0644,3,B,15,4,,
CP,1983-644,1983644,CP83-644,CP83-0644,3,B,15,4,,
CP,1983-644,1983644,CP83-644,CP83-0644,3,B,15,4,,
L,2020-037,2020037,L20-037,L20-0037,3,B,16,4,,
L,2020-037,2020037,L20-037,L20-0037,3,B,16,4,,
L,2020-037,2020037,L20-037,L20-0037,3,B,16,4,,
L,2020-037,2020037,L20-037,L20-0037,3,B,16,4,,
HO,2013-739,2013739,HO13-739,Ho13-0739,3,B,17,3,,
HO,2013-739,2013739,HO13-739,Ho13-0739,3,B,17,3,,
HO,2013-739,2013739,HO13-739,Ho13-0739,3,B,17,3,,
L,2006-001,2006001,L06-001,L06-0001,3,B,18,3,,
L,2006-001,2006001,L06-001,L06-0001,3,B,18,3,,
L,2006-001,2006001,L06-001,L06-0001,3,B,18,3,,
L,2011-183,2011183,L11-183,L11-0183,3,C,1,4,,
L,2011-183,2011183,L11-183,L11-0183,3,C,1,4,,
L,2011-183,2011183,L11-183,L11-0183,3,C,1,4,,
L,2011-183,2011183,L11-183,L11-0183,3,C,1,4,,
L,2007-057,2007057,L07-057,L07-0057,3,C,2,2,,
L,2007-057,2007057,L07-057,L07-0057,3,C,2,2,,
HO,2007-613,2007613,HO07-613,Ho07-0613,3,C,3,3,,
HO,2007-613,2007613,HO07-613,Ho07-0613,3,C,3,3,,
HO,2007-613,2007613,HO07-613,Ho07-0613,3,C,3,3,,
L,2005-457,2005457,L05-457,L05-0457,3,C,4,5,,
L,2005-457,2005457,L05-457,L05-0457,3,C,4,5,,
L,2005-457,2005457,L05-457,L05-0457,3,C,4,5,,
L,2005-457,2005457,L05-457,L05-0457,3,C,4,5,,
L,2005-457,2005457,L05-457,L05-0457,3,C,4,5,,
L,2012-201,2012201,L12-201,L12-0201,3,C,5,3,,
L,2012-201,2012201,L12-201,L12-0201,3,C,5,3,,
L,2012-201,2012201,L12-201,L12-0201,3,C,5,3,,
L,2015-306,2015306,L15-306,L15-0306,3,C,6,4,,
L,2015-306,2015306,L15-306,L15-0306,3,C,6,4,,
L,2015-306,2015306,L15-306,L15-0306,3,C,6,4,,
L,2015-306,2015306,L15-306,L15-0306,3,C,6,4,,
L,2014-282,2014282,L14-282,L14-0282,3,C,7,5,,
L,2014-282,2014282,L14-282,L14-0282,3,C,7,5,,
L,2014-282,2014282,L14-282,L14-0282,3,C,7,5,,
L,2014-282,2014282,L14-282,L14-0282,3,C,7,5,,
L,2014-282,2014282,L14-282,L14-0282,3,C,7,5,,
LCP,1986-454,1986454,LCP86-454,LCP86-0454,3,C,8,4,,
LCP,1986-454,1986454,LCP86-454,LCP86-0454,3,C,8,4,,
LCP,1986-454,1986454,LCP86-454,LCP86-0454,3,C,8,4,,
LCP,1986-454,1986454,LCP86-454,LCP86-0454,3,C,8,4,,
L,2014-264,2014264,L14-264,L14-0264,3,C,9,2,,
L,2014-264,2014264,L14-264,L14-0264,3,C,9,2,,
L,1999-233,1999233,L99-233,L99-0233,3,C,10,2,,
L,1999-233,1999233,L99-233,L99-0233,3,C,10,2,,
HO,2009-827,2009827,HO09-827,Ho09-0827,3,C,11,3,,
HO,2009-827,2009827,HO09-827,Ho09-0827,3,C,11,3,,
HO,2009-827,2009827,HO09-827,Ho09-0827,3,C,11,3,,
HO,2017-776,2017776,HO17-776,Ho17-0776,3,C,12,2,,
HO,2017-776,2017776,HO17-776,Ho17-0776,3,C,12,2,,
HOCP,1996-540,1996540,HOCP96-540,HoCP96-0540,3,C,13,2,,
HOCP,1996-540,1996540,HOCP96-540,HoCP96-0540,3,C,13,2,,
L,2021-080,2021080,L21-087,L21-0087,3,C,14,3,,
L,2021-080,2021080,L21-087,L21-0087,3,C,14,3,,
L,2021-080,2021080,L21-087,L21-0087,3,C,14,3,,
HO,2009-9402,20099402,HO09-9402,Ho09-9402,3,C,15,3,,
HO,2009-9402,20099402,HO09-9402,Ho09-9402,3,C,15,3,,
HO,2009-9402,20099402,HO09-9402,Ho09-9402,3,C,15,3,,
L,2023-136,2023136,L23-136,L23-0136,3,C,16,3,,
L,2023-136,2023136,L23-136,L23-0136,3,C,16,3,,
L,2023-136,2023136,L23-136,L23-0136,3,C,16,3,,
L,2014-275,2014275,L14-275,L14-0275,3,C,17,4,,
L,2014-275,2014275,L14-275,L14-0275,3,C,17,4,,
L,2014-275,2014275,L14-275,L14-0275,3,C,17,4,,
L,2014-275,2014275,L14-275,L14-0275,3,C,17,4,,
L,2019-006,2019006,L19-006,L19-0006,3,C,18,3,,
L,2019-006,2019006,L19-006,L19-0006,3,C,18,3,,
L,2019-006,2019006,L19-006,L19-0006,3,C,18,3,,
HOCP,2009-804,2009804,HOCP09-804,HoCP09-0804,4,A,1,5,,
HOCP,2009-804,2009804,HOCP09-804,HoCP09-0804,4,A,1,5,,
HOCP,2009-804,2009804,HOCP09-804,HoCP09-0804,4,A,1,5,,
HOCP,2009-804,2009804,HOCP09-804,HoCP09-0804,4,A,1,5,,
HOCP,2009-804,2009804,HOCP09-804,HoCP09-0804,4,A,1,5,,
HO,2012-630,2012630,HO12-630,Ho12-0630,4,A,2,3,,
HO,2012-630,2012630,HO12-630,Ho12-0630,4,A,2,3,,
HO,2012-630,2012630,HO12-630,Ho12-0630,4,A,2,3,,
L,2009-099,2009099,L09-099,L09-0099,4,A,3,5,,
L,2009-099,2009099,L09-099,L09-0099,4,A,3,5,,
L,2009-099,2009099,L09-099,L09-0099,4,A,3,5,,
L,2009-099,2009099,L09-099,L09-0099,4,A,3,5,,
L,2009-099,2009099,L09-099,L09-0099,4,A,3,5,,
L,2015-306,2015306,L15-306,L15-0306,4,A,4,4,,
L,2015-306,2015306,L15-306,L15-0306,4,A,4,4,,
L,2015-306,2015306,L15-306,L15-0306,4,A,4,4,,
L,2015-306,2015306,L15-306,L15-0306,4,A,4,4,,
L,1999-226,1999226,L99-226,L99-0226,4,A,5,5,,
L,1999-226,1999226,L99-226,L99-0226,4,A,5,5,,
L,1999-226,1999226,L99-226,L99-0226,4,A,5,5,,
L,1999-226,1999226,L99-226,L99-0226,4,A,5,5,,
L,1999-226,1999226,L99-226,L99-0226,4,A,5,5,,
HOCP,2014-802,2014802,HOCP14-802,HoCP14-0802,4,A,6,4,,
HOCP,2014-802,2014802,HOCP14-802,HoCP14-0802,4,A,6,4,,
HOCP,2014-802,2014802,HOCP14-802,HoCP14-0802,4,A,6,4,,
HOCP,2014-802,2014802,HOCP14-802,HoCP14-0802,4,A,6,4,,
L,2012-202,2012202,L12-202,L12-0202,4,A,7,3,,
L,2012-202,2012202,L12-202,L12-0202,4,A,7,3,,
L,2012-202,2012202,L12-202,L12-0202,4,A,7,3,,
LCP,1981-010,1981010,LCP81-010,LCP81-0010,4,A,8,2,,
LCP,1981-010,1981010,LCP81-010,LCP81-0010,4,A,8,2,,
HOCP,2004-847,2004847,HOCP04-847,HoCP04-0847,4,A,9,4,,
HOCP,2004-847,2004847,HOCP04-847,HoCP04-0847,4,A,9,4,,
HOCP,2004-847,2004847,HOCP04-847,HoCP04-0847,4,A,9,4,,
HOCP,2004-847,2004847,HOCP04-847,HoCP04-0847,4,A,9,4,,
HO,2015-964,2015964,HO15-964,Ho15-0964,4,A,10,3,,
HO,2015-964,2015964,HO15-964,Ho15-0964,4,A,10,3,,
HO,2015-964,2015964,HO15-964,Ho15-0964,4,A,10,3,,
L,2001-299,2001299,L01-299,L01-0299,4,A,11,5,,
L,2001-299,2001299,L01-299,L01-0299,4,A,11,5,,
L,2001-299,2001299,L01-299,L01-0299,4,A,11,5,,
L,2001-299,2001299,L01-299,L01-0299,4,A,11,5,,
L,2001-299,2001299,L01-299,L01-0299,4,A,11,5,,
L,2013-251,2013251,L13-251,L13-0251,4,A,12,4,,
L,2013-251,2013251,L13-251,L13-0251,4,A,12,4,,
L,2013-251,2013251,L13-251,L13-0251,4,A,12,4,,
L,2013-251,2013251,L13-251,L13-0251,4,A,12,4,,
L,2022-115,2022115,L22-115,L22-0115,4,A,13,5,,
L,2022-115,2022115,L22-115,L22-0115,4,A,13,5,,
L,2022-115,2022115,L22-115,L22-0115,4,A,13,5,,
L,2022-115,2022115,L22-115,L22-0115,4,A,13,5,,
L,2022-115,2022115,L22-115,L22-0115,4,A,13,5,,
HOL,2015-508,2015508,HOL15-508,HoL15-0508,4,A,14,5,,
HOL,2015-508,2015508,HOL15-508,HoL15-0508,4,A,14,5,,
HOL,2015-508,2015508,HOL15-508,HoL15-0508,4,A,14,5,,
HOL,2015-508,2015508,HOL15-508,HoL15-0508,4,A,14,5,,
HOL,2015-508,2015508,HOL15-508,HoL15-0508,4,A,14,5,,
L,2014-267,2014267,L14-267,L14-0267,4,A,15,3,,
L,2014-267,2014267,L14-267,L14-0267,4,A,15,3,,
L,2014-267,2014267,L14-267,L14-0267,4,A,15,3,,
L,2023-139,2023139,L23-139,L23-0139,4,A,16,3,,
L,2023-139,2023139,L23-139,L23-0139,4,A,16,3,,
L,2023-139,2023139,L23-139,L23-0139,4,A,16,3,,
HOCP,2000-950,2000950,HOCP00-950,HoCP00-0950,4,A,17,5,,
HOCP,2000-950,2000950,HOCP00-950,HoCP00-0950,4,A,17,5,,
HOCP,2000-950,2000950,HOCP00-950,HoCP00-0950,4,A,17,5,,
HOCP,2000-950,2000950,HOCP00-950,HoCP00-0950,4,A,17,5,,
HOCP,2000-950,2000950,HOCP00-950,HoCP00-0950,4,A,17,5,,
L,2022-107,2022107,L22-107,L22-0107,4,A,18,4,,
L,2022-107,2022107,L22-107,L22-0107,4,A,18,4,,
L,2022-107,2022107,L22-107,L22-0107,4,A,18,4,,
L,2022-107,2022107,L22-107,L22-0107,4,A,18,4,,
L,2021-095,2021095,L21-095,L21-0095,4,B,1,4,,
L,2021-095,2021095,L21-095,L21-0095,4,B,1,4,,
L,2021-095,2021095,L21-095,L21-0095,4,B,1,4,,
L,2021-095,2021095,L21-095,L21-0095,4,B,1,4,,
HOCP,1997-609,1997609,HOCP97-609,HoCP97-0609,4,B,2,4,,
HOCP,1997-609,1997609,HOCP97-609,HoCP97-0609,4,B,2,4,,
HOCP,1997-609,1997609,HOCP97-609,HoCP97-0609,4,B,2,4,,
HOCP,1997-609,1997609,HOCP97-609,HoCP97-0609,4,B,2,4,,
HO,2015-971,2015971,HO15-971,Ho15-0971,4,B,3,4,,
HO,2015-971,2015971,HO15-971,Ho15-0971,4,B,3,4,,
HO,2015-971,2015971,HO15-971,Ho15-0971,4,B,3,4,,
HO,2015-971,2015971,HO15-971,Ho15-0971,4,B,3,4,,
L,2014-264,2014264,L14-264,L14-0264,4,B,4,2,,
L,2014-264,2014264,L14-264,L14-0264,4,B,4,2,,
L,2014-276,2014276,L14-276,L14-0276,4,B,5,5,,
L,2014-276,2014276,L14-276,L14-0276,4,B,5,5,,
L,2014-276,2014276,L14-276,L14-0276,4,B,5,5,,
L,2014-276,2014276,L14-276,L14-0276,4,B,5,5,,
L,2014-276,2014276,L14-276,L14-0276,4,B,5,5,,
LCP,1985-384,1985384,LCP85-384,LCP85-0384,4,B,6,5,,
LCP,1985-384,1985384,LCP85-384,LCP85-0384,4,B,6,5,,
LCP,1985-384,1985384,LCP85-384,LCP85-0384,4,B,6,5,,
LCP,1985-384,1985384,LCP85-384,LCP85-0384,4,B,6,5,,
LCP,1985-384,1985384,LCP85-384,LCP85-0384,4,B,6,5,,
L,2009-112,2009112,L09-112,L09-0112,4,B,7,2,,
L,2009-112,2009112,L09-112,L09-0112,4,B,7,2,,
L,1999-226,1999226,L99-226,L99-0226,4,B,8,4,,
L,1999-226,1999226,L99-226,L99-0226,4,B,8,4,,
L,1999-226,1999226,L99-226,L99-0226,4,B,8,4,,
L,1999-226,1999226,L99-226,L99-0226,4,B,8,4,,
L,2013-243,2013243,L13-243,L13-0243,4,B,9,2,,
L,2013-243,2013243,L13-243,L13-0243,4,B,9,2,,
HOCP,2004-838,2004838,HOCP04-838,HoCP04-0838,4,B,10,4,,
HOCP,2004-838,2004838,HOCP04-838,HoCP04-0838,4,B,10,4,,
HOCP,2004-838,2004838,HOCP04-838,HoCP04-0838,4,B,10,4,,
HOCP,2004-838,2004838,HOCP04-838,HoCP04-0838,4,B,10,4,,
HO,2009-840,2009840,HO09-840,Ho09-0840,4,B,11,4,,
HO,2009-840,2009840,HO09-840,Ho09-0840,4,B,11,4,,
HO,2009-840,2009840,HO09-840,Ho09-0840,4,B,11,4,,
HO,2009-840,2009840,HO09-840,Ho09-0840,4,B,11,4,,
HOCP,2014-885,2014885,HOCP14-885,HoCP14-0885,4,B,12,5,,
HOCP,2014-885,2014885,HOCP14-885,HoCP14-0885,4,B,12,5,,
HOCP,2014-885,2014885,HOCP14-885,HoCP14-0885,4,B,12,5,,
HOCP,2014-885,2014885,HOCP14-885,HoCP14-0885,4,B,12,5,,
HOCP,2014-885,2014885,HOCP14-885,HoCP14-0885,4,B,12,5,,
L,2006-001,2006001,L06-001,L06-0001,4,B,13,3,,
L,2006-001,2006001,L06-001,L06-0001,4,B,13,3,,
L,2006-001,2006001,L06-001,L06-0001,4,B,13,3,,
HOCP,2014-802,2014802,HOCP14-802,HoCP14-0802,4,B,14,4,,
HOCP,2014-802,2014802,HOCP14-802,HoCP14-0802,4,B,14,4,,
HOCP,2014-802,2014802,HOCP14-802,HoCP14-0802,4,B,14,4,,
HOCP,2014-802,2014802,HOCP14-802,HoCP14-0802,4,B,14,4,,
HOCP,2018-803,2018803,HOCP18-803,HoCP18-0803,4,B,15,5,,
HOCP,2018-803,2018803,HOCP18-803,HoCP18-0803,4,B,15,5,,
HOCP,2018-803,2018803,HOCP18-803,HoCP18-0803,4,B,15,5,,
HOCP,2018-803,2018803,HOCP18-803,HoCP18-0803,4,B,15,5,,
HOCP,2018-803,2018803,HOCP18-803,HoCP18-0803,4,B,15,5,,
L,2015-306,2015306,L15-306,L15-0306,4,B,16,4,,
L,2015-306,2015306,L15-306,L15-0306,4,B,16,4,,
L,2015-306,2015306,L15-306,L15-0306,4,B,16,4,,
L,2015-306,2015306,L15-306,L15-0306,4,B,16,4,,
L,2011-187,2011187,L11-187,L11-0187,4,B,17,4,,
L,2011-187,2011187,L11-187,L11-0187,4,B,17,4,,
L,2011-187,2011187,L11-187,L11-0187,4,B,17,4,,
L,2011-187,2011187,L11-187,L11-0187,4,B,17,4,,
HO,2008-717,2008717,HO08-717,Ho08-0717,4,B,18,5,,
HO,2008-717,2008717,HO08-717,Ho08-0717,4,B,18,5,,
HO,2008-717,2008717,HO08-717,Ho08-0717,4,B,18,5,,
HO,2008-717,2008717,HO08-717,Ho08-0717,4,B,18,5,,
HO,2008-717,2008717,HO08-717,Ho08-0717,4,B,18,5,,
HO,2016-600,2016600,HO16-600,Ho16-0600,4,C,1,5,,
HO,2016-600,2016600,HO16-600,Ho16-0600,4,C,1,5,,
HO,2016-600,2016600,HO16-600,Ho16-0600,4,C,1,5,,
HO,2016-600,2016600,HO16-600,Ho16-0600,4,C,1,5,,
HO,2016-600,2016600,HO16-600,Ho16-0600,4,C,1,5,,
L,2019-021,2019021,L19-021,L19-0021,4,C,2,1,,
L,2011-183,2011183,L11-183,L11-0183,4,C,3,3,,
L,2011-183,2011183,L11-183,L11-0183,4,C,3,3,,
L,2011-183,2011183,L11-183,L11-0183,4,C,3,3,,
L,2015-337,2015337,L15-337,L15-0337,4,C,4,6,,
L,2015-337,2015337,L15-337,L15-0337,4,C,4,6,,
L,2015-337,2015337,L15-337,L15-0337,4,C,4,6,,
L,2015-337,2015337,L15-337,L15-0337,4,C,4,6,,
L,2015-337,2015337,L15-337,L15-0337,4,C,4,6,,
L,2015-337,2015337,L15-337,L15-0337,4,C,4,6,,
L,2014-276,2014276,L14-276,L14-0276,4,C,5,2,,
L,2014-276,2014276,L14-276,L14-0276,4,C,5,2,,
HO,2009-840,2009840,HO09-840,Ho09-0840,4,C,6,4,,
HO,2009-840,2009840,HO09-840,Ho09-0840,4,C,6,4,,
HO,2009-840,2009840,HO09-840,Ho09-0840,4,C,6,4,,
HO,2009-840,2009840,HO09-840,Ho09-0840,4,C,6,4,,
HOCP,2018-846,2018846,HOCP18-846,HoCP18-0846,4,C,7,5,,
HOCP,2018-846,2018846,HOCP18-846,HoCP18-0846,4,C,7,5,,
HOCP,2018-846,2018846,HOCP18-846,HoCP18-0846,4,C,7,5,,
HOCP,2018-846,2018846,HOCP18-846,HoCP18-0846,4,C,7,5,,
HOCP,2018-846,2018846,HOCP18-846,HoCP18-0846,4,C,7,5,,
L,2005-457,2005457,L05-457,L05-0457,4,C,8,5,,
L,2005-457,2005457,L05-457,L05-0457,4,C,8,5,,
L,2005-457,2005457,L05-457,L05-0457,4,C,8,5,,
L,2005-457,2005457,L05-457,L05-0457,4,C,8,5,,
L,2005-457,2005457,L05-457,L05-0457,4,C,8,5,,
HOCP,2004-847,2004847,HOCP04-847,HoCP04-0847,4,C,9,4,,
HOCP,2004-847,2004847,HOCP04-847,HoCP04-0847,4,C,9,4,,
HOCP,2004-847,2004847,HOCP04-847,HoCP04-0847,4,C,9,4,,
HOCP,2004-847,2004847,HOCP04-847,HoCP04-0847,4,C,9,4,,
HO,2015-964,2015964,HO15-964,Ho15-0964,4,C,10,2,,
HO,2015-964,2015964,HO15-964,Ho15-0964,4,C,10,2,,
CP,1983-644,1983644,CP83-644,CP83-0644,4,C,11,4,,
CP,1983-644,1983644,CP83-644,CP83-0644,4,C,11,4,,
CP,1983-644,1983644,CP83-644,CP83-0644,4,C,11,4,,
CP,1983-644,1983644,CP83-644,CP83-0644,4,C,11,4,,
L,2001-299,2001299,L01-299,L01-0299,4,C,12,6,,
L,2001-299,2001299,L01-299,L01-0299,4,C,12,6,,
L,2001-299,2001299,L01-299,L01-0299,4,C,12,6,,
L,2001-299,2001299,L01-299,L01-0299,4,C,12,6,,
L,2001-299,2001299,L01-299,L01-0299,4,C,12,6,,
L,2001-299,2001299,L01-299,L01-0299,4,C,12,6,,
HO,2009-827,2009827,HO09-827,Ho09-0827,4,C,13,5,,
HO,2009-827,2009827,HO09-827,Ho09-0827,4,C,13,5,,
HO,2009-827,2009827,HO09-827,Ho09-0827,4,C,13,5,,
HO,2009-827,2009827,HO09-827,Ho09-0827,4,C,13,5,,
HO,2009-827,2009827,HO09-827,Ho09-0827,4,C,13,5,,
L,2010-146,2010146,L10-146,L10-0146,4,C,14,3,,
L,2010-146,2010146,L10-146,L10-0146,4,C,14,3,,
L,2010-146,2010146,L10-146,L10-0146,4,C,14,3,,
L,2014-273,2014273,L14-273,L14-0273,4,C,15,3,,
L,2014-273,2014273,L14-273,L14-0273,4,C,15,3,,
L,2014-273,2014273,L14-273,L14-0273,4,C,15,3,,
L,2014-282,2014282,L14-282,L14-0282,4,C,16,4,,
L,2014-282,2014282,L14-282,L14-0282,4,C,16,4,,
L,2014-282,2014282,L14-282,L14-0282,4,C,16,4,,
L,2014-282,2014282,L14-282,L14-0282,4,C,16,4,,
L,2019-006,2019006,L19-006,L19-0006,4,C,17,3,,
L,2019-006,2019006,L19-006,L19-0006,4,C,17,3,,
L,2019-006,2019006,L19-006,L19-0006,4,C,17,3,,
L,2007-057,2007057,L07-057,L07-0057,4,C,18,2,,
L,2007-057,2007057,L07-057,L07-0057,4,C,18,2,,
L,2022-133,2022133,L22-133,L22-0133,5,A,1,6,,
L,2022-133,2022133,L22-133,L22-0133,5,A,1,6,,
L,2022-133,2022133,L22-133,L22-0133,5,A,1,6,,
L,2022-133,2022133,L22-133,L22-0133,5,A,1,6,,
L,2022-133,2022133,L22-133,L22-0133,5,A,1,6,,
L,2022-133,2022133,L22-133,L22-0133,5,A,1,6,,
L,2023-142,2023142,L23-142,L23-0142,5,A,2,3,,
L,2023-142,2023142,L23-142,L23-0142,5,A,2,3,,
L,2023-142,2023142,L23-142,L23-0142,5,A,2,3,,
HOCP,2009-804,2009804,HOCP09-804,HoCP09-0804,5,A,3,5,,
HOCP,2009-804,2009804,HOCP09-804,HoCP09-0804,5,A,3,5,,
HOCP,2009-804,2009804,HOCP09-804,HoCP09-0804,5,A,3,5,,
HOCP,2009-804,2009804,HOCP09-804,HoCP09-0804,5,A,3,5,,
HOCP,2009-804,2009804,HOCP09-804,HoCP09-0804,5,A,3,5,,
L,2006-001,2006001,L06-001,L06-0001,5,A,4,4,,
L,2006-001,2006001,L06-001,L06-0001,5,A,4,4,,
L,2006-001,2006001,L06-001,L06-0001,5,A,4,4,,
L,2006-001,2006001,L06-001,L06-0001,5,A,4,4,,
L,2011-187,2011187,L11-187,L11-0187,5,A,5,5,,
L,2011-187,2011187,L11-187,L11-0187,5,A,5,5,,
L,2011-187,2011187,L11-187,L11-0187,5,A,5,5,,
L,2011-187,2011187,L11-187,L11-0187,5,A,5,5,,
L,2011-187,2011187,L11-187,L11-0187,5,A,5,5,,
L,2010-147,2010147,L10-147,L10-0147,5,A,6,5,,
L,2010-147,2010147,L10-147,L10-0147,5,A,6,5,,
L,2010-147,2010147,L10-147,L10-0147,5,A,6,5,,
L,2010-147,2010147,L10-147,L10-0147,5,A,6,5,,
L,2010-147,2010147,L10-147,L10-0147,5,A,6,5,,
HOCP,2001-523,2001523,HOCP01-523,HoCP01-0523,5,A,7,2,,
HOCP,2001-523,2001523,HOCP01-523,HoCP01-0523,5,A,7,2,,
HO,2016-600,2016600,HO16-600,Ho16-0600,5,A,8,4,,
HO,2016-600,2016600,HO16-600,Ho16-0600,5,A,8,4,,
HO,2016-600,2016600,HO16-600,Ho16-0600,5,A,8,4,,
HO,2016-600,2016600,HO16-600,Ho16-0600,5,A,8,4,,
HO,2011-9406,20119406,HO11-9406,Ho11-9406,5,A,9,4,,
HO,2011-9406,20119406,HO11-9406,Ho11-9406,5,A,9,4,,
HO,2011-9406,20119406,HO11-9406,Ho11-9406,5,A,9,4,,
HO,2011-9406,20119406,HO11-9406,Ho11-9406,5,A,9,4,,
L,1999-226,1999226,L99-226,L99-0226,5,A,10,4,,
L,1999-226,1999226,L99-226,L99-0226,5,A,10,4,,
L,1999-226,1999226,L99-226,L99-0226,5,A,10,4,,
L,1999-226,1999226,L99-226,L99-0226,5,A,10,4,,
LCP,1985-384,1985384,LCP85-384,LCP85-0384,5,A,11,5,,
LCP,1985-384,1985384,LCP85-384,LCP85-0384,5,A,11,5,,
LCP,1985-384,1985384,LCP85-384,LCP85-0384,5,A,11,5,,
LCP,1985-384,1985384,LCP85-384,LCP85-0384,5,A,11,5,,
LCP,1985-384,1985384,LCP85-384,LCP85-0384,5,A,11,5,,
HO,2011-573,2011573,HO11-573,Ho11-0573,5,A,12,2,,
HO,2011-573,2011573,HO11-573,Ho11-0573,5,A,12,2,,
HOCP,2014-885,2014885,HOCP14-885,HoCP14-0885,5,A,13,5,,
HOCP,2014-885,2014885,HOCP14-885,HoCP14-0885,5,A,13,5,,
HOCP,2014-885,2014885,HOCP14-885,HoCP14-0885,5,A,13,5,,
HOCP,2014-885,2014885,HOCP14-885,HoCP14-0885,5,A,13,5,,
HOCP,2014-885,2014885,HOCP14-885,HoCP14-0885,5,A,13,5,,
HOCP,2004-838,2004838,HOCP04-838,HoCP04-0838,5,A,14,4,,
HOCP,2004-838,2004838,HOCP04-838,HoCP04-0838,5,A,14,4,,
HOCP,2004-838,2004838,HOCP04-838,HoCP04-0838,5,A,14,4,,
HOCP,2004-838,2004838,HOCP04-838,HoCP04-0838,5,A,14,4,,
HOCP,1991-552,1991552,HOCP91-552,HoCP91-0552,5,A,15,3,,
HOCP,1991-552,1991552,HOCP91-552,HoCP91-0552,5,A,15,3,,
HOCP,1991-552,1991552,HOCP91-552,HoCP91-0552,5,A,15,3,,
HO,2011-532,2011532,HO11-532,Ho11-0532,5,A,16,4,,
HO,2011-532,2011532,HO11-532,Ho11-0532,5,A,16,4,,
HO,2011-532,2011532,HO11-532,Ho11-0532,5,A,16,4,,
HO,2011-532,2011532,HO11-532,Ho11-0532,5,A,16,4,,
HOCP,2018-846,2018846,HOCP18-846,HoCP18-0846,5,A,17,4,,
HOCP,2018-846,2018846,HOCP18-846,HoCP18-0846,5,A,17,4,,
HOCP,2018-846,2018846,HOCP18-846,HoCP18-0846,5,A,17,4,,
HOCP,2018-846,2018846,HOCP18-846,HoCP18-0846,5,A,17,4,,
L,1999-233,1999233,L99-233,L99-0233,5,A,18,5,,
L,1999-233,1999233,L99-233,L99-0233,5,A,18,5,,
L,1999-233,1999233,L99-233,L99-0233,5,A,18,5,,
L,1999-233,1999233,L99-233,L99-0233,5,A,18,5,,
L,1999-233,1999233,L99-233,L99-0233,5,A,18,5,,
L,2005-457,2005457,L05-457,L05-0457,5,B,1,7,,
L,2005-457,2005457,L05-457,L05-0457,5,B,1,7,,
L,2005-457,2005457,L05-457,L05-0457,5,B,1,7,,
L,2005-457,2005457,L05-457,L05-0457,5,B,1,7,,
L,2005-457,2005457,L05-457,L05-0457,5,B,1,7,,
L,2005-457,2005457,L05-457,L05-0457,5,B,1,7,,
L,2005-457,2005457,L05-457,L05-0457,5,B,1,7,,
L,2001-299,2001299,L01-299,L01-0299,5,B,2,5,,
L,2001-299,2001299,L01-299,L01-0299,5,B,2,5,,
L,2001-299,2001299,L01-299,L01-0299,5,B,2,5,,
L,2001-299,2001299,L01-299,L01-0299,5,B,2,5,,
L,2001-299,2001299,L01-299,L01-0299,5,B,2,5,,
HO,2017-776,2017776,HO17-776,Ho17-0776,5,B,3,2,,
HO,2017-776,2017776,HO17-776,Ho17-0776,5,B,3,2,,
L,2011-187,2011187,L11-187,L11-0187,5,B,4,4,,
L,2011-187,2011187,L11-187,L11-0187,5,B,4,4,,
L,2011-187,2011187,L11-187,L11-0187,5,B,4,4,,
L,2011-187,2011187,L11-187,L11-0187,5,B,4,4,,
HOCP,2009-814,2009814,HOCP09-814,HoCP09-0814,5,B,5,4,,
HOCP,2009-814,2009814,HOCP09-814,HoCP09-0814,5,B,5,4,,
HOCP,2009-814,2009814,HOCP09-814,HoCP09-0814,5,B,5,4,,
HOCP,2009-814,2009814,HOCP09-814,HoCP09-0814,5,B,5,4,,
HOCP,2014-802,2014802,HOCP14-802,HoCP14-0802,5,B,6,4,,
HOCP,2014-802,2014802,HOCP14-802,HoCP14-0802,5,B,6,4,,
HOCP,2014-802,2014802,HOCP14-802,HoCP14-0802,5,B,6,4,,
HOCP,2014-802,2014802,HOCP14-802,HoCP14-0802,5,B,6,4,,
HOCP,1985-845,1985845,HOCP85-845,HoCP85-0845,5,B,7,4,,
HOCP,1985-845,1985845,HOCP85-845,HoCP85-0845,5,B,7,4,,
HOCP,1985-845,1985845,HOCP85-845,HoCP85-0845,5,B,7,4,,
HOCP,1985-845,1985845,HOCP85-845,HoCP85-0845,5,B,7,4,,
L,2011-183,2011183,L11-183,L11-0183,5,B,8,3,,
L,2011-183,2011183,L11-183,L11-0183,5,B,8,3,,
L,2011-183,2011183,L11-183,L11-0183,5,B,8,3,,
HO,2009-9402,20099402,HO09-9402,Ho09-9402,5,B,9,3,,
HO,2009-9402,20099402,HO09-9402,Ho09-9402,5,B,9,3,,
HO,2009-9402,20099402,HO09-9402,Ho09-9402,5,B,9,3,,
L,2019-006,2019006,L19-006,L19-0006,5,B,10,3,,
L,2019-006,2019006,L19-006,L19-0006,5,B,10,3,,
L,2019-006,2019006,L19-006,L19-0006,5,B,10,3,,
L,2014-267,2014267,L14-267,L14-0267,5,B,11,3,,
L,2014-267,2014267,L14-267,L14-0267,5,B,11,3,,
L,2014-267,2014267,L14-267,L14-0267,5,B,11,3,,
L,1999-233,1999233,L99-233,L99-0233,5,B,12,4,,
L,1999-233,1999233,L99-233,L99-0233,5,B,12,4,,
L,1999-233,1999233,L99-233,L99-0233,5,B,12,4,,
L,1999-233,1999233,L99-233,L99-0233,5,B,12,4,,
L,2008-090,2008090,L08-090,L08-0090,5,B,13,3,,
L,2008-090,2008090,L08-090,L08-0090,5,B,13,3,,
L,2008-090,2008090,L08-090,L08-0090,5,B,13,3,,
L,2023-137,2023137,L23-137,L23-0137,5,B,14,4,,
L,2023-137,2023137,L23-137,L23-0137,5,B,14,4,,
L,2023-137,2023137,L23-137,L23-0137,5,B,14,4,,
L,2023-137,2023137,L23-137,L23-0137,5,B,14,4,,
HOCP,1992-624,1992624,HOCP92-624,HoCP92-0624,5,B,15,4,,
HOCP,1992-624,1992624,HOCP92-624,HoCP92-0624,5,B,15,4,,
HOCP,1992-624,1992624,HOCP92-624,HoCP92-0624,5,B,15,4,,
HOCP,1992-624,1992624,HOCP92-624,HoCP92-0624,5,B,15,4,,
L,2009-112,2009112,L09-112,L09-0112,5,B,16,2,,
L,2009-112,2009112,L09-112,L09-0112,5,B,16,2,,
L,2023-144,2023144,L23-144,L23-0144,5,B,17,2,,
L,2023-144,2023144,L23-144,L23-0144,5,B,17,2,,
HOCP,1996-540,1996540,HOCP96-540,HoCP96-0540,5,B,18,4,,
HOCP,1996-540,1996540,HOCP96-540,HoCP96-0540,5,B,18,4,,
HOCP,1996-540,1996540,HOCP96-540,HoCP96-0540,5,B,18,4,,
HOCP,1996-540,1996540,HOCP96-540,HoCP96-0540,5,B,18,4,,
HO,2018-878,2018878,HO18-878,Ho18-0878,5,C,1,7,,
HO,2018-878,2018878,HO18-878,Ho18-0878,5,C,1,7,,
HO,2018-878,2018878,HO18-878,Ho18-0878,5,C,1,7,,
HO,2018-878,2018878,HO18-878,Ho18-0878,5,C,1,7,,
HO,2018-878,2018878,HO18-878,Ho18-0878,5,C,1,7,,
HO,2018-878,2018878,HO18-878,Ho18-0878,5,C,1,7,,
HO,2018-878,2018878,HO18-878,Ho18-0878,5,C,1,7,,
L,2005-457,2005457,L05-457,L05-0457,5,C,2,5,,
L,2005-457,2005457,L05-457,L05-0457,5,C,2,5,,
L,2005-457,2005457,L05-457,L05-0457,5,C,2,5,,
L,2005-457,2005457,L05-457,L05-0457,5,C,2,5,,
L,2005-457,2005457,L05-457,L05-0457,5,C,2,5,,
L,2023-147,2023147,L23-147,L23-0147,5,C,3,4,,
L,2023-147,2023147,L23-147,L23-0147,5,C,3,4,,
L,2023-147,2023147,L23-147,L23-0147,5,C,3,4,,
L,2023-147,2023147,L23-147,L23-0147,5,C,3,4,,
L,2007-057,2007057,L07-057,L07-0057,5,C,4,2,,
L,2007-057,2007057,L07-057,L07-0057,5,C,4,2,,
HOCP,2004-847,2004847,HOCP04-847,HoCP04-0847,5,C,5,4,,
HOCP,2004-847,2004847,HOCP04-847,HoCP04-0847,5,C,5,4,,
HOCP,2004-847,2004847,HOCP04-847,HoCP04-0847,5,C,5,4,,
HOCP,2004-847,2004847,HOCP04-847,HoCP04-0847,5,C,5,4,,
HO,2006-563,2006563,HO06-563,Ho06-0563,5,C,6,4,,
HO,2006-563,2006563,HO06-563,Ho06-0563,5,C,6,4,,
HO,2006-563,2006563,HO06-563,Ho06-0563,5,C,6,4,,
HO,2006-563,2006563,HO06-563,Ho06-0563,5,C,6,4,,
L,2023-155,2023155,L23-155,L23-0155,5,C,7,5,,
L,2023-155,2023155,L23-155,L23-0155,5,C,7,5,,
L,2023-155,2023155,L23-155,L23-0155,5,C,7,5,,
L,2023-155,2023155,L23-155,L23-0155,5,C,7,5,,
L,2023-155,2023155,L23-155,L23-0155,5,C,7,5,,
L,2022-124,2022124,L22-124,L22-0124,5,C,8,2,,
L,2022-124,2022124,L22-124,L22-0124,5,C,8,2,,
L,2006-001,2006001,L06-001,L06-0001,5,C,9,3,,
L,2006-001,2006001,L06-001,L06-0001,5,C,9,3,,
L,2006-001,2006001,L06-001,L06-0001,5,C,9,3,,
L,2014-267,2014267,L14-267,L14-0267,5,C,10,4,,
L,2014-267,2014267,L14-267,L14-0267,5,C,10,4,,
L,2014-267,2014267,L14-267,L14-0267,5,C,10,4,,
L,2014-267,2014267,L14-267,L14-0267,5,C,10,4,,
L,2014-265,2014265,L14-265,L14-0265,5,C,11,3,,
L,2014-265,2014265,L14-265,L14-0265,5,C,11,3,,
L,2014-265,2014265,L14-265,L14-0265,5,C,11,3,,
HOCP,2009-814,2009814,HOCP09-814,HoCP09-0814,5,C,12,5,,
HOCP,2009-814,2009814,HOCP09-814,HoCP09-0814,5,C,12,5,,
HOCP,2009-814,2009814,HOCP09-814,HoCP09-0814,5,C,12,5,,
HOCP,2009-814,2009814,HOCP09-814,HoCP09-0814,5,C,12,5,,
HOCP,2009-814,2009814,HOCP09-814,HoCP09-0814,5,C,12,5,,
L,2012-201,2012201,L12-201,L12-0201,5,C,13,3,,
L,2012-201,2012201,L12-201,L12-0201,5,C,13,3,,
L,2012-201,2012201,L12-201,L12-0201,5,C,13,3,,
HO,2011-573,2011573,HO11-573,Ho11-0573,5,C,14,4,,
HO,2011-573,2011573,HO11-573,Ho11-0573,5,C,14,4,,
HO,2011-573,2011573,HO11-573,Ho11-0573,5,C,14,4,,
HO,2011-573,2011573,HO11-573,Ho11-0573,5,C,14,4,,
HO,2017-738,2017738,HO17-738,Ho17-0738,5,C,15,3,,
HO,2017-738,2017738,HO17-738,Ho17-0738,5,C,15,3,,
HO,2017-738,2017738,HO17-738,Ho17-0738,5,C,15,3,,
L,2012-202,2012202,L12-202,L12-0202,5,C,16,5,,
L,2012-202,2012202,L12-202,L12-0202,5,C,16,5,,
L,2012-202,2012202,L12-202,L12-0202,5,C,16,5,,
L,2012-202,2012202,L12-202,L12-0202,5,C,16,5,,
L,2012-202,2012202,L12-202,L12-0202,5,C,16,5,,
L,2013-251,2013251,L13-251,L13-0251,5,C,17,4,,
L,2013-251,2013251,L13-251,L13-0251,5,C,17,4,,
L,2013-251,2013251,L13-251,L13-0251,5,C,17,4,,
L,2013-251,2013251,L13-251,L13-0251,5,C,17,4,,
L,2023-149,2023149,L23-149,L23-0149,5,C,18,5,,
L,2023-149,2023149,L23-149,L23-0149,5,C,18,5,,
L,2023-149,2023149,L23-149,L23-0149,5,C,18,5,,
L,2023-149,2023149,L23-149,L23-0149,5,C,18,5,,
L,2023-149,2023149,L23-149,L23-0149,5,C,18,5,,
HO,2011-573,2011573,HO11-573,Ho11-0573,6,A,1,4,,
HO,2011-573,2011573,HO11-573,Ho11-0573,6,A,1,4,,
HO,2011-573,2011573,HO11-573,Ho11-0573,6,A,1,4,,
HO,2011-573,2011573,HO11-573,Ho11-0573,6,A,1,4,,
L,2019-021,2019021,L19-021,L19-0021,6,A,2,3,,
L,2019-021,2019021,L19-021,L19-0021,6,A,2,3,,
L,2019-021,2019021,L19-021,L19-0021,6,A,2,3,,
L,2010-147,2010147,L10-147,L10-0147,6,A,3,5,,
L,2010-147,2010147,L10-147,L10-0147,6,A,3,5,,
L,2010-147,2010147,L10-147,L10-0147,6,A,3,5,,
L,2010-147,2010147,L10-147,L10-0147,6,A,3,5,,
L,2010-147,2010147,L10-147,L10-0147,6,A,3,5,,
L,2023-156,2023156,L23-156,L23-0156,6,A,4,5,,
L,2023-156,2023156,L23-156,L23-0156,6,A,4,5,,
L,2023-156,2023156,L23-156,L23-0156,6,A,4,5,,
L,2023-156,2023156,L23-156,L23-0156,6,A,4,5,,
L,2023-156,2023156,L23-156,L23-0156,6,A,4,5,,
HO,2011-9406,20119406,HO11-9406,Ho11-9406,6,A,5,3,,
HO,2011-9406,20119406,HO11-9406,Ho11-9406,6,A,5,3,,
HO,2011-9406,20119406,HO11-9406,Ho11-9406,6,A,5,3,,
L,2023-156,2023156,L23-156,L23-0156,6,A,6,4,,
L,2023-156,2023156,L23-156,L23-0156,6,A,6,4,,
L,2023-156,2023156,L23-156,L23-0156,6,A,6,4,,
L,2023-156,2023156,L23-156,L23-0156,6,A,6,4,,
L,1999-226,1999226,L99-226,L99-0226,6,A,7,5,,
L,1999-226,1999226,L99-226,L99-0226,6,A,7,5,,
L,1999-226,1999226,L99-226,L99-0226,6,A,7,5,,
L,1999-226,1999226,L99-226,L99-0226,6,A,7,5,,
L,1999-226,1999226,L99-226,L99-0226,6,A,7,5,,
HOCP,2014-885,2014885,HOCP14-885,HoCP14-0885,6,A,8,3,,
HOCP,2014-885,2014885,HOCP14-885,HoCP14-0885,6,A,8,3,,
HOCP,2014-885,2014885,HOCP14-885,HoCP14-0885,6,A,8,3,,
HO,2015-964,2015964,HO15-964,Ho15-0964,6,A,9,2,,
HO,2015-964,2015964,HO15-964,Ho15-0964,6,A,9,2,,
L,2011-183,2011183,L11-183,L11-0183,6,A,10,3,,
L,2011-183,2011183,L11-183,L11-0183,6,A,10,3,,
L,2011-183,2011183,L11-183,L11-0183,6,A,10,3,,
L,2009-112,2009112,L09-112,L09-0112,6,A,11,2,,
L,2009-112,2009112,L09-112,L09-0112,6,A,11,2,,
L,2012-202,2012202,L12-202,L12-0202,6,A,12,4,,
L,2012-202,2012202,L12-202,L12-0202,6,A,12,4,,
L,2012-202,2012202,L12-202,L12-0202,6,A,12,4,,
L,2012-202,2012202,L12-202,L12-0202,6,A,12,4,,
L,2023-139,2023139,L23-139,L23-0139,6,A,13,2,,
L,2023-139,2023139,L23-139,L23-0139,6,A,13,2,,
HO,2008-730,2008730,HO08-730,Ho08-0730,6,A,14,3,,
HO,2008-730,2008730,HO08-730,Ho08-0730,6,A,14,3,,
HO,2008-730,2008730,HO08-730,Ho08-0730,6,A,14,3,,
L,2014-267,2014267,L14-267,L14-0267,6,A,15,4,,
L,2014-267,2014267,L14-267,L14-0267,6,A,15,4,,
L,2014-267,2014267,L14-267,L14-0267,6,A,15,4,,
L,2014-267,2014267,L14-267,L14-0267,6,A,15,4,,
L,1994-426,1994426,L94-426,L94-0426,6,A,16,3,,
L,1994-426,1994426,L94-426,L94-0426,6,A,16,3,,
L,1994-426,1994426,L94-426,L94-0426,6,A,16,3,,
L,2011-187,2011187,L11-187,L11-0187,6,A,17,6,,
L,2011-187,2011187,L11-187,L11-0187,6,A,17,6,,
L,2011-187,2011187,L11-187,L11-0187,6,A,17,6,,
L,2011-187,2011187,L11-187,L11-0187,6,A,17,6,,
L,2011-187,2011187,L11-187,L11-0187,6,A,17,6,,
L,2011-187,2011187,L11-187,L11-0187,6,A,17,6,,
HOCP,1992-624,1992624,HOCP92-624,HoCP92-0624,6,A,18,2,,
HOCP,1992-624,1992624,HOCP92-624,HoCP92-0624,6,A,18,2,,
HOCP,2009-814,2009814,HOCP09-814,HoCP09-0814,6,B,1,4,,
HOCP,2009-814,2009814,HOCP09-814,HoCP09-0814,6,B,1,4,,
HOCP,2009-814,2009814,HOCP09-814,HoCP09-0814,6,B,1,4,,
HOCP,2009-814,2009814,HOCP09-814,HoCP09-0814,6,B,1,4,,
HO,2011-573,2011573,HO11-573,Ho11-0573,6,B,2,3,,
HO,2011-573,2011573,HO11-573,Ho11-0573,6,B,2,3,,
HO,2011-573,2011573,HO11-573,Ho11-0573,6,B,2,3,,
L,2015-337,2015337,L15-337,L15-0337,6,B,3,5,,
L,2015-337,2015337,L15-337,L15-0337,6,B,3,5,,
L,2015-337,2015337,L15-337,L15-0337,6,B,3,5,,
L,2015-337,2015337,L15-337,L15-0337,6,B,3,5,,
L,2015-337,2015337,L15-337,L15-0337,6,B,3,5,,
L,2014-265,2014265,L14-265,L14-0265,6,B,4,4,,
L,2014-265,2014265,L14-265,L14-0265,6,B,4,4,,
L,2014-265,2014265,L14-265,L14-0265,6,B,4,4,,
L,2014-265,2014265,L14-265,L14-0265,6,B,4,4,,
L,2022-131,2022131,L22-131,L22-0131,6,B,5,4,,
L,2022-131,2022131,L22-131,L22-0131,6,B,5,4,,
L,2022-131,2022131,L22-131,L22-0131,6,B,5,4,,
L,2022-131,2022131,L22-131,L22-0131,6,B,5,4,,
HO,1995-988,1995988,HO95-988,Ho95-0988,6,B,6,3,,
HO,1995-988,1995988,HO95-988,Ho95-0988,6,B,6,3,,
HO,1995-988,1995988,HO95-988,Ho95-0988,6,B,6,3,,
LHO,2020-057,2020057,LHO20-057,LHo20-0057,6,B,7,4,,
LHO,2020-057,2020057,LHO20-057,LHo20-0057,6,B,7,4,,
LHO,2020-057,2020057,LHO20-057,LHo20-0057,6,B,7,4,,
LHO,2020-057,2020057,LHO20-057,LHo20-0057,6,B,7,4,,
HO,2009-827,2009827,HO09-827,Ho09-0827,6,B,8,3,,
HO,2009-827,2009827,HO09-827,Ho09-0827,6,B,8,3,,
HO,2009-827,2009827,HO09-827,Ho09-0827,6,B,8,3,,
BL,2009-827,2009827,BLACKT,BLACKT,6,B,9,2,,
BL,2009-827,2009827,BLACKT,BLACKT,6,B,9,2,,
HOCP,2009-804,2009804,HOCP09-804,HoCP09-0804,6,B,10,4,,
HOCP,2009-804,2009804,HOCP09-804,HoCP09-0804,6,B,10,4,,
HOCP,2009-804,2009804,HOCP09-804,HoCP09-0804,6,B,10,4,,
HOCP,2009-804,2009804,HOCP09-804,HoCP09-0804,6,B,10,4,,
HOCP,2001-517,2001517,HOCP01-517,HoCP01-0517,6,B,11,2,,
HOCP,2001-517,2001517,HOCP01-517,HoCP01-0517,6,B,11,2,,
L,2023-140,2023140,L23-140,L23-0140,6,B,12,5,,
L,2023-140,2023140,L23-140,L23-0140,6,B,12,5,,
L,2023-140,2023140,L23-140,L23-0140,6,B,12,5,,
L,2023-140,2023140,L23-140,L23-0140,6,B,12,5,,
L,2023-140,2023140,L23-140,L23-0140,6,B,12,5,,
L,2001-299,2001299,L01-299,L01-0299,6,B,13,4,,
L,2001-299,2001299,L01-299,L01-0299,6,B,13,4,,
L,2001-299,2001299,L01-299,L01-0299,6,B,13,4,,
L,2001-299,2001299,L01-299,L01-0299,6,B,13,4,,
HO,2013-739,2013739,HO13-739,Ho13-0739,6,B,14,4,,
HO,2013-739,2013739,HO13-739,Ho13-0739,6,B,14,4,,
HO,2013-739,2013739,HO13-739,Ho13-0739,6,B,14,4,,
HO,2013-739,2013739,HO13-739,Ho13-0739,6,B,14,4,,
L,2011-183,2011183,L11-183,L11-0183,6,B,15,5,,
L,2011-183,2011183,L11-183,L11-0183,6,B,15,5,,
L,2011-183,2011183,L11-183,L11-0183,6,B,15,5,,
L,2011-183,2011183,L11-183,L11-0183,6,B,15,5,,
L,2011-183,2011183,L11-183,L11-0183,6,B,15,5,,
N,39,39,N39,N39,6,B,16,6,,
N,39,39,N39,N39,6,B,16,6,,
N,39,39,N39,N39,6,B,16,6,,
N,39,39,N39,N39,6,B,16,6,,
N,39,39,N39,N39,6,B,16,6,,
N,39,39,N39,N39,6,B,16,6,,
HO,2011-532,2011532,HO11-532,Ho11-0532,6,B,17,4,,
HO,2011-532,2011532,HO11-532,Ho11-0532,6,B,17,4,,
HO,2011-532,2011532,HO11-532,Ho11-0532,6,B,17,4,,
HO,2011-532,2011532,HO11-532,Ho11-0532,6,B,17,4,,
HOCP,2018-803,2018803,HOCP18-803,HoCP18-0803,6,B,18,6,,
HOCP,2018-803,2018803,HOCP18-803,HoCP18-0803,6,B,18,6,,
HOCP,2018-803,2018803,HOCP18-803,HoCP18-0803,6,B,18,6,,
HOCP,2018-803,2018803,HOCP18-803,HoCP18-0803,6,B,18,6,,
HOCP,2018-803,2018803,HOCP18-803,HoCP18-0803,6,B,18,6,,
HOCP,2018-803,2018803,HOCP18-803,HoCP18-0803,6,B,18,6,,
HOCP,1985-845,1985845,HOCP85-845,HoCP85-0845,6,C,1,2,,
HOCP,1985-845,1985845,HOCP85-845,HoCP85-0845,6,C,1,2,,
HOCP,2018-803,2018803,HOCP18-803,HoCP18-0803,6,C,2,4,,
HOCP,2018-803,2018803,HOCP18-803,HoCP18-0803,6,C,2,4,,
HOCP,2018-803,2018803,HOCP18-803,HoCP18-0803,6,C,2,4,,
HOCP,2018-803,2018803,HOCP18-803,HoCP18-0803,6,C,2,4,,
L,2003-371,2003371,L03-371,L03-0371,6,C,3,4,,
L,2003-371,2003371,L03-371,L03-0371,6,C,3,4,,
L,2003-371,2003371,L03-371,L03-0371,6,C,3,4,,
L,2003-371,2003371,L03-371,L03-0371,6,C,3,4,,
L,2014-282,2014282,L14-282,L14-0282,6,C,4,4,,
L,2014-282,2014282,L14-282,L14-0282,6,C,4,4,,
L,2014-282,2014282,L14-282,L14-0282,6,C,4,4,,
L,2014-282,2014282,L14-282,L14-0282,6,C,4,4,,
L,2020-065,2020065,L20-065,L20-0065,6,C,5,4,,
L,2020-065,2020065,L20-065,L20-0065,6,C,5,4,,
L,2020-065,2020065,L20-065,L20-0065,6,C,5,4,,
L,2020-065,2020065,L20-065,L20-0065,6,C,5,4,,
HO,2015-964,2015964,HO15-964,Ho15-0964,6,C,6,4,,
HO,2015-964,2015964,HO15-964,Ho15-0964,6,C,6,4,,
HO,2015-964,2015964,HO15-964,Ho15-0964,6,C,6,4,,
HO,2015-964,2015964,HO15-964,Ho15-0964,6,C,6,4,,
HO,2009-832,2009832,HO09-832,Ho09-0832,6,C,7,5,,
HO,2009-832,2009832,HO09-832,Ho09-0832,6,C,7,5,,
HO,2009-832,2009832,HO09-832,Ho09-0832,6,C,7,5,,
HO,2009-832,2009832,HO09-832,Ho09-0832,6,C,7,5,,
HO,2009-832,2009832,HO09-832,Ho09-0832,6,C,7,5,,
L,2021-080,2021080,L21-087,L21-0087,6,C,8,4,,
L,2021-080,2021080,L21-087,L21-0087,6,C,8,4,,
L,2021-080,2021080,L21-087,L21-0087,6,C,8,4,,
L,2021-080,2021080,L21-087,L21-0087,6,C,8,4,,
TUC,1977-042,1977042,TUC77-042,TUC77-0042,6,C,9,4,,
TUC,1977-042,1977042,TUC77-042,TUC77-0042,6,C,9,4,,
TUC,1977-042,1977042,TUC77-042,TUC77-0042,6,C,9,4,,
TUC,1977-042,1977042,TUC77-042,TUC77-0042,6,C,9,4,,
L,1977-042,1977042,LASTRIPED,LASTRIPED,6,C,10,2,,
L,1977-042,1977042,LASTRIPED,LASTRIPED,6,C,10,2,,
L,2023-144,2023144,L23-144,L23-0144,6,C,11,3,,
L,2023-144,2023144,L23-144,L23-0144,6,C,11,3,,
L,2023-144,2023144,L23-144,L23-0144,6,C,11,3,,
N,64,64,N64,N64,6,C,12,5,,
N,64,64,N64,N64,6,C,12,5,,
N,64,64,N64,N64,6,C,12,5,,
N,64,64,N64,N64,6,C,12,5,,
N,64,64,N64,N64,6,C,12,5,,
HO,2011-9406,20119406,HO11-9406,Ho11-9406,6,C,13,3,,
HO,2011-9406,20119406,HO11-9406,Ho11-9406,6,C,13,3,,
HO,2011-9406,20119406,HO11-9406,Ho11-9406,6,C,13,3,,
L,2014-265,2014265,L14-265,L14-0265,6,C,14,3,,
L,2014-265,2014265,L14-265,L14-0265,6,C,14,3,,
L,2014-265,2014265,L14-265,L14-0265,6,C,14,3,,
L,2009-099,2009099,L09-099,L09-0099,6,C,15,4,,
L,2009-099,2009099,L09-099,L09-0099,6,C,15,4,,
L,2009-099,2009099,L09-099,L09-0099,6,C,15,4,,
L,2009-099,2009099,L09-099,L09-0099,6,C,15,4,,
L,2012-201,2012201,L12-201,L12-0201,6,C,16,4,,
L,2012-201,2012201,L12-201,L12-0201,6,C,16,4,,
L,2012-201,2012201,L12-201,L12-0201,6,C,16,4,,
L,2012-201,2012201,L12-201,L12-0201,6,C,16,4,,
L,2023-165,2023165,L23-165,L23-0165,6,C,17,3,,
L,2023-165,2023165,L23-165,L23-0165,6,C,17,3,,
L,2023-165,2023165,L23-165,L23-0165,6,C,17,3,,
HOCP,1996-540,1996540,HOCP96-540,HoCP96-0540,6,C,18,3,,
HOCP,1996-540,1996540,HOCP96-540,HoCP96-0540,6,C,18,3,,
HOCP,1996-540,1996540,HOCP96-540,HoCP96-0540,6,C,18,3,,
